,id,text,label,author,upvotes,downvotes,score,created_utc,url,link,parent_id,subreddit
0,jdm98sm,"Mmmm yes, forward thinking, like underground tubes for cars, but only his cars.",-1,ultimate_placeholder,1,0,1,1679750391,https://www.reddit.com/r/elonmusk/comments/120n1qh/musk_denies_multibillion_investment_in_spacex_by/,https://www.quicktechnics.com/en/post/musk-denies-multibillion-investment-in-spacex-by-saudi-arabia,t1_jdl2saz,elonmusk
1,jdm72zy,Probably not. It's like if attaching horse to a automobile would save horses.,0,kroOoze,1,0,1,1679749217,https://www.reddit.com/r/elonmusk/comments/1215ef2/elon_musk_believes_neuralink_can_help_address_our/,https://www.httnews.com/technology/eyi02xa6agbpd86vd0t978oga7816n,t3_1215ef2,elonmusk
2,jdm2d94,"Cool in any decade ever! A rocket going to space? Come on, what would impress you?",1,swag_money69,1,0,1,1679746436,https://www.reddit.com/r/elonmusk/comments/12150g4/liftoff54321/,https://v.redd.it/e72u906e8spa1,t3_12150g4,elonmusk
3,jdlxewi,"He is on of the most famous people out there, like Steve Jobs. Never used to be, only among people interested in business. I have his autograph which I bought ONLY because it had proof and was a massive fan about 8 years ago. It's now worth over 10k easy.",1,jordanhanson,1,0,1,1679743056,https://www.reddit.com/r/elonmusk/comments/zg1x7g/elon_musk_says_he_will_not_be_signing_any/,https://www.teslaoracle.com/2022/12/07/elon-musk-says-he-will-not-be-signing-any-autographs-ever-again-video/,t1_izhfq3i,elonmusk
4,jdltrsd,"The **average** rent for an apartment in Los Angeles is $2,786 /month. A Tesla is a lot $less than that, and i lived in my Toyota PU for years in this city:(",1,OGquaker,1,0,1,1679740167,https://www.reddit.com/r/elonmusk/comments/11rxszx/musk_walks_away_from_millions_in_ca_ev_charging/,https://cleanenergyrevolution.co/2023/03/15/tesla-supercharger-network-says-no-to-millions-in-incentives/,t1_jcbl54o,elonmusk
5,jdls701,"Name on a patent proves What? My father died with eight Patents, most 'First Articals' built in my Mother's kitchen and most with only one ""inventor"": High Speed film camera, RAM memory device, computer image comparison, fireproof airline seat, optical missile control, golf sprinkler valve, high-voltage laser gun (Northrop C.O.I.L.) bla bla... Pop had one semester of college and never a ""License"". A single patent infringement bought Pop a 30k sq. ft. R&D building, 2323 Teller Rd Newbuary Pk. My Nephew, with no college, has 22 Patents with Microsoft and a few with Google. A Guild promotes the economic interests of their members, outsiders be damned",-1,OGquaker,1,0,1,1679738822,https://www.reddit.com/r/elonmusk/comments/11x8j9b/is_elon_musk_a_scientist/,https://www.discovermagazine.com/the-sciences/is-elon-musk-a-scientist,t1_jdloqaw,elonmusk
6,jdloqaw,"Okay, the man also has no engineering experience, one patent under his name (part of the design of the Tesla charging handle) and seems to be barely literate in any noticeable capacity beyond buzzwords and jargon. 

Name something he has a name on besides a charging handle. Heâ€™s a venture capitalist with a scientific veneer",-1,perpetualstudent101,1,0,1,1679735789,https://www.reddit.com/r/elonmusk/comments/11x8j9b/is_elon_musk_a_scientist/,https://www.discovermagazine.com/the-sciences/is-elon-musk-a-scientist,t1_jdlkx8f,elonmusk
7,jdlo18y,To the moon!!,1,nftsocialking,1,0,1,1679735165,https://www.reddit.com/r/elonmusk/comments/12150g4/liftoff54321/,https://v.redd.it/e72u906e8spa1,t3_12150g4,elonmusk
8,jdlnx9u,"WTF would he know? Well, ""Elon R. Musk^6"" is an author (along with Matthew J. Gluck, Samuel Beger, Yiyuan Hu, Justin Rhee, Eric Petersen, Benjamin Mormann, Anil S. Menon & 4300 volunteers, all of SpaceX) on this and a few other studies in Nature^Â®  See **Discrete SARS-CoV-2 antibody titers track with functional humoral stability** https://www.nature.com/articles/s41467-021-21336-8 or https://sci-hub.se/10.1038/s41467-021-21336-8",1,OGquaker,1,0,1,1679735064,https://www.reddit.com/r/elonmusk/comments/11x8j9b/is_elon_musk_a_scientist/,https://www.discovermagazine.com/the-sciences/is-elon-musk-a-scientist,t1_jd2f886,elonmusk
9,jdln4fj,"Okay, so dump it all in the White House.",-1,Own_Ad356,1,0,1,1679734337,https://www.reddit.com/r/elonmusk/comments/11zstgw/elon_musks_company_plans_to_dump_wastewater_in/,https://www.google.com/amp/s/www.huffpost.com/entry/elon-musk-boring-company-wastewater_n_641b4cc2e4b00c3e6077a3cc/amp,t1_jdlmexf,elonmusk
10,jdlmexf,I learned from a commenter it's actually not that bad. Only small part is welding water waste. Also he has a permit so not dumping after all.,1,AnthuriumBloom,1,0,1,1679733688,https://www.reddit.com/r/elonmusk/comments/11zstgw/elon_musks_company_plans_to_dump_wastewater_in/,https://www.google.com/amp/s/www.huffpost.com/entry/elon-musk-boring-company-wastewater_n_641b4cc2e4b00c3e6077a3cc/amp,t1_jdl7wjm,elonmusk
11,jdlkx8f,"Sorry, a federal appellate court calls BS: *""Here, calling oneself an â€œengineerâ€ is â€œnot an unverifiable opinion of the ultimate quality of a[n] [engineerâ€™s] work or a promise of success, but is simply a fact[.]â€ Id. Further, a term cannot become inherently misleading simply because a state deems it so...... The regulation of the title â€œengineerâ€ is more burdensome than necessary to protect the public from the unlicensed practice of engineering.""* The final call by the court? The law is unconstitutional. The state has earned itself a permanent injunction from enforcing it. See https://s3.documentcloud.org/documents/5673252/Jarlstorm-Opinion.pdf",0,OGquaker,1,0,1,1679732340,https://www.reddit.com/r/elonmusk/comments/11x8j9b/is_elon_musk_a_scientist/,https://www.discovermagazine.com/the-sciences/is-elon-musk-a-scientist,t1_jdkf14r,elonmusk
12,jdlkjxg,We are talking about whether Musk is principled enough to refuse Saudi money. He isnâ€™t. I proved that with a factual article. I donâ€™t know what more you want to see here. The proof is right there buddy.,-1,rheumination,1,0,1,1679732000,https://www.reddit.com/r/elonmusk/comments/120n1qh/musk_denies_multibillion_investment_in_spacex_by/,https://www.quicktechnics.com/en/post/musk-denies-multibillion-investment-in-spacex-by-saudi-arabia,t1_jdl266o,elonmusk
13,jdlh6hb,">The vast majority of detransitioners who follow all the process through but then go back do so because of their unsupportive environment, a lot re-transition later in life.

Yeh, but many actually de-de-transition after that. Didn't you know?",0,freedospeech,1,0,1,1679728969,https://www.reddit.com/r/elonmusk/comments/11t7ve1/elon_musk_sparks_debate_on_medical_interventions/,https://www.httnews.com/business/elon-musk-sparks-debate-on-medical-interventions-for-minors-and-gender-identity,t1_jcpvce3,elonmusk
14,jdlgx6g,"Everyone in this world has to be prepared for WW3 ðŸ¤· it's gonna happen sooner or later... Or be prepared for a fallout where nuclear missiles are hitting every part of the world This is not a game. Its reality history always repeats ITSELF....the blood shed that many WW1, WW2 veterans went through to fight for freedom for many to live freely for the founding fathers and protect the American Republic will come to an END SOON... Our kids will have to suffer through this... ðŸ™",0,checKers38,1,0,1,1679728746,https://www.reddit.com/r/elonmusk/comments/1165jit/all_the_starlink_satellites_currently_in_orbit/,https://v.redd.it/gs5t7gqye5ja1,t1_j97uwfd,elonmusk
15,jdl8h7t,"It's been proven that the virus had to run it's course and that the vaccinations were rushed and still don't know how effective they were. I'm not saying COVID wasn't real. Lost a father of a kid I coached in junior football to it, but he was fully vaccinated and had the booster. Stop saying the vaccination was what got us through this.

By the way, I use Reynolds wrap for my tin foil",-1,DangerousIndustry130,1,0,1,1679721974,https://www.reddit.com/r/elonmusk/comments/11zpwfi/who_warns_of_fake_news_after_elon_musk_pandemic/,https://globenewsbulletin.com/world/who-warns-of-fake-news-after-elon-musk-pandemic-treaty-tweet/,t1_jdel0s4,elonmusk
16,jdl7wjm,Dump it all in the White House instead.,-1,Own_Ad356,1,0,1,1679721565,https://www.reddit.com/r/elonmusk/comments/11zstgw/elon_musks_company_plans_to_dump_wastewater_in/,https://www.google.com/amp/s/www.huffpost.com/entry/elon-musk-boring-company-wastewater_n_641b4cc2e4b00c3e6077a3cc/amp,t3_11zstgw,elonmusk
17,jdl7ro4,We should not create AI what we need it's the ability to explore the whole human being and transfer that intelillence to supercomputers..,0,MrComradeTaco,1,0,1,1679721468,https://www.reddit.com/r/elonmusk/comments/1215ef2/elon_musk_believes_neuralink_can_help_address_our/,https://www.httnews.com/technology/eyi02xa6agbpd86vd0t978oga7816n,t3_1215ef2,elonmusk
18,jdl6ifr,"Careful, you'll be called a Trump lover.",-1,DangerousIndustry130,1,0,1,1679720603,https://www.reddit.com/r/elonmusk/comments/11zpwfi/who_warns_of_fake_news_after_elon_musk_pandemic/,https://globenewsbulletin.com/world/who-warns-of-fake-news-after-elon-musk-pandemic-treaty-tweet/,t1_jde71p0,elonmusk
19,jdl5p7e,I blame Austin,-1,mark-o-mark,1,0,1,1679720065,https://www.reddit.com/r/elonmusk/comments/11qgiaz/why_musks_company_town_a_result_of_his_decision/,https://cleanenergyrevolution.co/2023/03/13/is-elon-musk-courting-disaster-with-company-town/,t1_jdl5bdi,elonmusk
20,jdl5bdi,it cant even handle heat either,0,OkAcanthocephala6132,1,0,1,1679719824,https://www.reddit.com/r/elonmusk/comments/11qgiaz/why_musks_company_town_a_result_of_his_decision/,https://cleanenergyrevolution.co/2023/03/13/is-elon-musk-courting-disaster-with-company-town/,t1_jc4yx3k,elonmusk
21,jdl4pde,"Even if he took money from the Saudis for SpaceX, it's a private company and unless he's giving away national security information, the money will help space exploration. This should be a global task anyways. NASA still works with Rosmocov even with everything going on. Should we attack NASA?",1,DangerousIndustry130,1,0,1,1679719434,https://www.reddit.com/r/elonmusk/comments/120n1qh/musk_denies_multibillion_investment_in_spacex_by/,https://www.quicktechnics.com/en/post/musk-denies-multibillion-investment-in-spacex-by-saudi-arabia,t3_120n1qh,elonmusk
22,jdl39ff,There's no real info. It's a smear campaign.,-1,DangerousIndustry130,1,0,1,1679718532,https://www.reddit.com/r/elonmusk/comments/120n1qh/musk_denies_multibillion_investment_in_spacex_by/,https://www.quicktechnics.com/en/post/musk-denies-multibillion-investment-in-spacex-by-saudi-arabia,t1_jdic1wr,elonmusk
23,jdl2saz,"Most of us aren't here to kiss Elon's ass, but see his forward thinking. Maybe look into him more and not just what you hear based on the Twitter stuff.",1,DangerousIndustry130,1,0,1,1679718242,https://www.reddit.com/r/elonmusk/comments/120n1qh/musk_denies_multibillion_investment_in_spacex_by/,https://www.quicktechnics.com/en/post/musk-denies-multibillion-investment-in-spacex-by-saudi-arabia,t1_jdkn0l3,elonmusk
24,jdl266o,Google anyone that is famous and you'll find negative articles.  Media hates Elon and that's a fact. Check your facts before you just believe media articles.,-1,DangerousIndustry130,1,0,1,1679717871,https://www.reddit.com/r/elonmusk/comments/120n1qh/musk_denies_multibillion_investment_in_spacex_by/,https://www.quicktechnics.com/en/post/musk-denies-multibillion-investment-in-spacex-by-saudi-arabia,t1_jdkgvoc,elonmusk
25,jdl0wib,So you're against reusable rockets?,0,DangerousIndustry130,1,0,1,1679717125,https://www.reddit.com/r/elonmusk/comments/12150g4/liftoff54321/,https://v.redd.it/e72u906e8spa1,t1_jdklnt6,elonmusk
26,jdl0i0g,CARBONNNNNN,0,Loganps24,1,0,1,1679716889,https://www.reddit.com/r/elonmusk/comments/12150g4/liftoff54321/,https://v.redd.it/e72u906e8spa1,t3_12150g4,elonmusk
27,jdl0h5x,"It can be, but there is no way the EPA allows the discharge without measures like sediment basins, polymer traps etc. before it reaches the stream.",0,DangerousIndustry130,1,0,1,1679716876,https://www.reddit.com/r/elonmusk/comments/11zstgw/elon_musks_company_plans_to_dump_wastewater_in/,https://www.google.com/amp/s/www.huffpost.com/entry/elon-musk-boring-company-wastewater_n_641b4cc2e4b00c3e6077a3cc/amp,t1_jdkm8d3,elonmusk
28,jdkxz5a,So it happened,0,D4DDYSH4RK420,1,0,1,1679715474,https://www.reddit.com/r/elonmusk/comments/120n1qh/musk_denies_multibillion_investment_in_spacex_by/,https://www.quicktechnics.com/en/post/musk-denies-multibillion-investment-in-spacex-by-saudi-arabia,t3_120n1qh,elonmusk
29,jdkxgzu,Has him tried himself?,0,Ok-Rutabaga337,1,0,1,1679715198,https://www.reddit.com/r/elonmusk/comments/1215ef2/elon_musk_believes_neuralink_can_help_address_our/,https://www.httnews.com/technology/eyi02xa6agbpd86vd0t978oga7816n,t3_1215ef2,elonmusk
30,jdktqgw,"I don't leave in the USA, I don't eat that shitty propaganda, for the rest of the world its clear as day. Have a nice weekend, bye.",-1,XPao,1,0,1,1679713219,https://www.reddit.com/r/elonmusk/comments/11zpwfi/who_warns_of_fake_news_after_elon_musk_pandemic/,https://globenewsbulletin.com/world/who-warns-of-fake-news-after-elon-musk-pandemic-treaty-tweet/,t1_jdgy09e,elonmusk
31,jdkrcqz,Good shot of the redirected exhaust,0,TheRealWorldNigeria,1,0,1,1679712002,https://www.reddit.com/r/elonmusk/comments/12150g4/liftoff54321/,https://v.redd.it/e72u906e8spa1,t3_12150g4,elonmusk
32,jdkn0l3,These people can't read your common sense and real statement because they're too busy kissing Musks ass.,-1,Material_State_4118,1,0,1,1679709824,https://www.reddit.com/r/elonmusk/comments/120n1qh/musk_denies_multibillion_investment_in_spacex_by/,https://www.quicktechnics.com/en/post/musk-denies-multibillion-investment-in-spacex-by-saudi-arabia,t1_jdkgvoc,elonmusk
33,jdkm8d3,Which can still be very bad for the echo system,-1,Dragon_yum,1,0,1,1679709436,https://www.reddit.com/r/elonmusk/comments/11zstgw/elon_musks_company_plans_to_dump_wastewater_in/,https://www.google.com/amp/s/www.huffpost.com/entry/elon-musk-boring-company-wastewater_n_641b4cc2e4b00c3e6077a3cc/amp,t1_jdfnq4x,elonmusk
34,jdklnt6,Cool... If it was 1965.,-1,ForeverMelodic1403,1,0,1,1679709160,https://www.reddit.com/r/elonmusk/comments/12150g4/liftoff54321/,https://v.redd.it/e72u906e8spa1,t3_12150g4,elonmusk
35,jdkl8zq,Noice!,1,Roadbike_Okc,1,0,1,1679708963,https://www.reddit.com/r/elonmusk/comments/12150g4/liftoff54321/,https://v.redd.it/e72u906e8spa1,t3_12150g4,elonmusk
36,jdkjlfd,Niceeeeeeee ðŸ‘,1,Select_Recover7567,1,0,1,1679708163,https://www.reddit.com/r/elonmusk/comments/12150g4/liftoff54321/,https://v.redd.it/e72u906e8spa1,t3_12150g4,elonmusk
37,jdkhgjz,"The headline is very misleading. I thought he refused an offer. He really clarified that a news article saying it happened isnâ€™t correct. Big difference. 

Also, he sat with Saudi royalty at the World Cup. Musk will take the money if the deal is good.",0,rheumination,1,0,1,1679707150,https://www.reddit.com/r/elonmusk/comments/120n1qh/musk_denies_multibillion_investment_in_spacex_by/,https://www.quicktechnics.com/en/post/musk-denies-multibillion-investment-in-spacex-by-saudi-arabia,t1_jdkggz5,elonmusk
38,jdkgvoc,"Read the article. Musk didnâ€™t turn down Saudi money. He didnâ€™t deny an offer, heâ€™s just denying the accuracy of a news article that said it happened. 

Also, you think Mush would never accept Saudi money? Surprise, he already did. He didnâ€™t buy Twitter entirely with his own money. Part of the money he used was Saudi money.  Google â€œElon Muskâ€™s Twitter takeover partially financed by Saudi Arabia prince, sparking national security concernâ€

Musk isnâ€™t any different than any other biased media. You simply agree with his biases so you donâ€™t see them as easily.",-1,rheumination,1,0,1,1679706876,https://www.reddit.com/r/elonmusk/comments/120n1qh/musk_denies_multibillion_investment_in_spacex_by/,https://www.quicktechnics.com/en/post/musk-denies-multibillion-investment-in-spacex-by-saudi-arabia,t1_jdi062z,elonmusk
39,jdkggz5,"This headline sucks, it can either mean he *declined* an investment or that he *denies* that one happened.",0,ultimate_placeholder,1,0,1,1679706686,https://www.reddit.com/r/elonmusk/comments/120n1qh/musk_denies_multibillion_investment_in_spacex_by/,https://www.quicktechnics.com/en/post/musk-denies-multibillion-investment-in-spacex-by-saudi-arabia,t3_120n1qh,elonmusk
40,jdkfry7,Or donated to him by a country where the letter Z holds some relevance. And itâ€™s right there on top in the middle.  I donâ€™t think that was a mistake.,0,Osqny,1,0,1,1679706364,https://www.reddit.com/r/elonmusk/comments/11yjv7r/elon_musks_keyboard_while_tweeting/,https://i.redd.it/9dr99tr28cpa1.jpg,t1_jdbxkxm,elonmusk
41,jdkf14r,"No he is not an engineer. That is a licensed and protected job title. He might call himself one, but that is a blatant lie",-1,perpetualstudent101,1,0,1,1679706021,https://www.reddit.com/r/elonmusk/comments/11x8j9b/is_elon_musk_a_scientist/,https://www.discovermagazine.com/the-sciences/is-elon-musk-a-scientist,t1_jd2gsb7,elonmusk
42,jdkc8qi,"Musk is unqualified, uninformed, and aggressively willfully ignorant on an issue that unfortunately threatens the lives of trans people when it is treated as a culture war issue instead of a vital health care issue for a small number of the population.

Sadly Musk is behaving like a bully who enjoys beating up on people he thinks can't fight back, and trans people are a very easy target right now.  His meanspirited cruelty towards the trans community is quite frankly disturbing.",-1,iamspacedad,1,0,1,1679704744,https://www.reddit.com/r/elonmusk/comments/11t7ve1/elon_musk_sparks_debate_on_medical_interventions/,https://www.httnews.com/business/elon-musk-sparks-debate-on-medical-interventions-for-minors-and-gender-identity,t3_11t7ve1,elonmusk
43,jdka8fg,"Have you read the review and the follow up to it?   
https://www.cochrane.org/news/statement-physical-interventions-interrupt-or-reduce-spread-respiratory-viruses-review
Quote from Cochrane regarding that review:   
""the review is not able to address the question of whether mask-wearing itself reduces people's risk of contracting or spreading respiratory viruses."".   
I'd also encourage you to read this article about that review:.    
https://sciencebasedmedicine.org/the-cochrane-mask-fiasco-how-the-evidence-based-medicine-paradigm-can-produce-misleading-results/.    
Also, PubMed is not a journal, it is a database and search engine like Google Scholar; you can find thousands of articles with terrible science on PubMed if you don't know how to look for research.",0,jkjkjij22,1,0,1,1679703834,https://www.reddit.com/r/elonmusk/comments/11zpwfi/who_warns_of_fake_news_after_elon_musk_pandemic/,https://globenewsbulletin.com/world/who-warns-of-fake-news-after-elon-musk-pandemic-treaty-tweet/,t1_jdfd4em,elonmusk
44,jdju09o,Lol,0,trollingguru,1,0,1,1679696598,https://www.reddit.com/r/elonmusk/comments/11ue1jk/maas_musk_as_a_service/,https://elonmu.sh/,t3_11ue1jk,elonmusk
45,jdjsbdf,Reading is for squares,0,Paradox68,1,0,1,1679695850,https://www.reddit.com/r/elonmusk/comments/120n1qh/musk_denies_multibillion_investment_in_spacex_by/,https://www.quicktechnics.com/en/post/musk-denies-multibillion-investment-in-spacex-by-saudi-arabia,t1_jdixbb0,elonmusk
46,jdjqlzt,"Do you actually understand what the WHO does?

They don't control anything. At all. Not you, not your doctor, not your government, not the elected officials of your community.

If requested they offer coordination between help organizations and locals. And they collect and summarize scientific medical information.

The press statements are backed up by data and background information which doctors are supposed to look at to make an informed decision for their patients. 

Nor are they the Chinese puppet you portray them as. They just take the official UN stance on political matters. The organization they are governed by. 

Why do you believe they even could go against the official stance and actively engage in geopolitics? Why would the UN tolerate that? Why wouldn't they kick the people in charge or just shut down the whole thing?",0,SeniorePlatypus,1,0,1,1679695111,https://www.reddit.com/r/elonmusk/comments/11zpwfi/who_warns_of_fake_news_after_elon_musk_pandemic/,https://globenewsbulletin.com/world/who-warns-of-fake-news-after-elon-musk-pandemic-treaty-tweet/,t1_jdji7ry,elonmusk
47,jdjqjfg,This is pretty pathetic.,-1,bawdiepie,1,0,1,1679695081,https://www.reddit.com/r/elonmusk/comments/11zpwfi/who_warns_of_fake_news_after_elon_musk_pandemic/,https://globenewsbulletin.com/world/who-warns-of-fake-news-after-elon-musk-pandemic-treaty-tweet/,t1_jdjq0rf,elonmusk
48,jdjq0rf,Never said that. You specifically are a waste of time. Your views are racist and I choose not to continue because youâ€™re a racist bully.,-1,Mobile_Arm,1,0,1,1679694865,https://www.reddit.com/r/elonmusk/comments/11zpwfi/who_warns_of_fake_news_after_elon_musk_pandemic/,https://globenewsbulletin.com/world/who-warns-of-fake-news-after-elon-musk-pandemic-treaty-tweet/,t1_jdjpk9a,elonmusk
49,jdjpk9a,"""You know nothing, I'm an expert, trust me"" good counter point. I'll go inside or outside whenever I please, regardless of the day of the week. Stop trying to patronise me because you ran out of steam with your conspiracy theories. It just makes you look like a child.",-1,bawdiepie,1,0,1,1679694672,https://www.reddit.com/r/elonmusk/comments/11zpwfi/who_warns_of_fake_news_after_elon_musk_pandemic/,https://globenewsbulletin.com/world/who-warns-of-fake-news-after-elon-musk-pandemic-treaty-tweet/,t1_jdjmvi8,elonmusk
50,jdjo5c8,"WHO policy is made by delegates representing countries from all the member states. They all influence policy. All of them. Everyone questions what they do all the time. Who doesn't dare to question them? They are pretty well scrutinised by its member states and individuals across the world and its actions are constantly questioned, including yourself right now casting baseless aspertions. Did you face any adverse consequence beyond someone disagreeing with you? What are you even talking about?",-1,bawdiepie,1,0,1,1679694081,https://www.reddit.com/r/elonmusk/comments/11zpwfi/who_warns_of_fake_news_after_elon_musk_pandemic/,https://globenewsbulletin.com/world/who-warns-of-fake-news-after-elon-musk-pandemic-treaty-tweet/,t1_jdji7ry,elonmusk
51,jdjnp2n,You better not,0,ZaroonKhan5,1,0,1,1679693893,https://www.reddit.com/r/elonmusk/comments/11tc00i/i_will_never_give_up/,https://v.redd.it/jkw5p81147oa1,t1_jdj2ilh,elonmusk
52,jdjmw0t,"Yes, thatâ€™s what â€œdeniesâ€ means /etri :)",0,Vo_Mimbre,1,0,1,1679693558,https://www.reddit.com/r/elonmusk/comments/120n1qh/musk_denies_multibillion_investment_in_spacex_by/,https://www.quicktechnics.com/en/post/musk-denies-multibillion-investment-in-spacex-by-saudi-arabia,t1_jdiiha9,elonmusk
53,jdjmvi8,"No because you know nothing about Taiwan and Iâ€™m Chinese - Canadian who have friends and family on both sides of China.

Itâ€™s also Friday. Go outside.",0,Mobile_Arm,1,0,1,1679693552,https://www.reddit.com/r/elonmusk/comments/11zpwfi/who_warns_of_fake_news_after_elon_musk_pandemic/,https://globenewsbulletin.com/world/who-warns-of-fake-news-after-elon-musk-pandemic-treaty-tweet/,t1_jdjm1g0,elonmusk
54,jdjm1g0,Lets not argue international politcs because you'd rather argue about fictional scenarios in order for your simplistic interpretations of reality to make sense?,0,bawdiepie,1,0,1,1679693200,https://www.reddit.com/r/elonmusk/comments/11zpwfi/who_warns_of_fake_news_after_elon_musk_pandemic/,https://globenewsbulletin.com/world/who-warns-of-fake-news-after-elon-musk-pandemic-treaty-tweet/,t1_jdj80m2,elonmusk
55,jdjjdaj,"Yeah I would have been surprised such an offer would be made, considering the saudi superfund that initially bought billions of tesla stock dumped it and switched to backing lucid years ago.",0,Vic_from_fallout_2,1,0,1,1679692100,https://www.reddit.com/r/elonmusk/comments/120n1qh/musk_denies_multibillion_investment_in_spacex_by/,https://www.quicktechnics.com/en/post/musk-denies-multibillion-investment-in-spacex-by-saudi-arabia,t1_jdixbb0,elonmusk
56,jdji7ry,"You are right 

You have agency
Your doctor has agency
Your country has self governance
Your community has elected representatives

Letâ€™s throw all that out the window and trust global organization that is influenced by the dictatorship which started the pandemic.

Donâ€™t you dare question anything from this unelected global bureaucracy .

I just have a feeling not everyone sees this the same way.",0,Mobile_Arm,1,0,1,1679691630,https://www.reddit.com/r/elonmusk/comments/11zpwfi/who_warns_of_fake_news_after_elon_musk_pandemic/,https://globenewsbulletin.com/world/who-warns-of-fake-news-after-elon-musk-pandemic-treaty-tweet/,t1_jdjh7ha,elonmusk
57,jdjh7ha,"On one hand, the WHO even just offering an independent seat would be a major political move. Despite basically every country on earth they would stand with western interests and promote Taiwan as independent country. Clearly positioning themselves as organization pushing American politics. 

Any country not closely aligned with the USA would withdraw, possibly form an alternative organization. Thereby weakening soft power of the USA and removing vital tools for medical research. 

While on the other hand, Taiwan could never accept the seat. Their situation is charged as is. Any escalation on their end is a serious danger to their independence and existence. 

Your complaint is completely neglecting the reality the WHO has to face. Being focused on international health with elaborate access means to just ignore all politics unrelated to their field and go along with whatever demands a country might have.

It ain't pretty. But international politics isn't about your feelings.",0,SeniorePlatypus,1,0,1,1679691228,https://www.reddit.com/r/elonmusk/comments/11zpwfi/who_warns_of_fake_news_after_elon_musk_pandemic/,https://globenewsbulletin.com/world/who-warns-of-fake-news-after-elon-musk-pandemic-treaty-tweet/,t1_jdhjo9w,elonmusk
58,jdjgh7q,"> That review didnâ€™t conclude that masks donâ€™t work in a surgical environment.

I never said anything about surgical environment. You're refuting a point I didn't make.

> People donâ€™t seal them to their face and never reuse them. They wear them into restaurants and take them off to eat like every other person there.

This isn't a failing of masks, it's a failing of compliance. Also you're generalising from the few cases to the entire population.

> The vaccine data was literally pulled from the phase III trials. Not test data.

I'm not sure why you think phase 3 trials aren't part of the test data, given that phase 3 trials were part of the testing of those vaccines, thus the word ""trial"". The actual point of my comment was that the study was a high level review of the test data, and it's only conclusion was that a more rigorous study was needed to draw any conclusions.",0,manicdee33,1,0,1,1679690936,https://www.reddit.com/r/elonmusk/comments/11zpwfi/who_warns_of_fake_news_after_elon_musk_pandemic/,https://globenewsbulletin.com/world/who-warns-of-fake-news-after-elon-musk-pandemic-treaty-tweet/,t1_jdhasav,elonmusk
59,jdjg1g5,Thank god,1,VERSAT1L,1,0,1,1679690758,https://www.reddit.com/r/elonmusk/comments/120n1qh/musk_denies_multibillion_investment_in_spacex_by/,https://www.quicktechnics.com/en/post/musk-denies-multibillion-investment-in-spacex-by-saudi-arabia,t3_120n1qh,elonmusk
60,jdjed3p,It's the other way around. I am not seeing this through a political lense. I am also not over simplifying the issues to reach a conclusion. I am highlighting the complexity of the situation.,0,SILENTSAM69,1,0,1,1679690090,https://www.reddit.com/r/elonmusk/comments/11zpwfi/who_warns_of_fake_news_after_elon_musk_pandemic/,https://globenewsbulletin.com/world/who-warns-of-fake-news-after-elon-musk-pandemic-treaty-tweet/,t1_jdjbb9e,elonmusk
61,jdjcsef,This whole thing is so vague.,0,jackjackky,1,0,1,1679689462,https://www.reddit.com/r/elonmusk/comments/120n1qh/musk_denies_multibillion_investment_in_spacex_by/,https://www.quicktechnics.com/en/post/musk-denies-multibillion-investment-in-spacex-by-saudi-arabia,t3_120n1qh,elonmusk
62,jdjbb9e,I fear you are influenced more by the political side than you realize. This is a scientific argument not political and the facts clearly show it when you take away the obfuscation of the early data that continues to be revealed.,0,Idontfukncare6969,1,0,1,1679688878,https://www.reddit.com/r/elonmusk/comments/11zpwfi/who_warns_of_fake_news_after_elon_musk_pandemic/,https://globenewsbulletin.com/world/who-warns-of-fake-news-after-elon-musk-pandemic-treaty-tweet/,t1_jdj1zax,elonmusk
63,jdj80m2,"Rather than argue international politics with you. Letâ€™s look at it this way.

You go to a hospital. Itâ€™s run by mobsters. The doctor will try his best to treat you but is influenced by forces outside your patient interest , his own credibility interest and maybe even your own health. The guy who made you sick is also paying your doctor. Now would you take everything he prescribes without any skepticism?",-1,Mobile_Arm,1,0,1,1679687585,https://www.reddit.com/r/elonmusk/comments/11zpwfi/who_warns_of_fake_news_after_elon_musk_pandemic/,https://globenewsbulletin.com/world/who-warns-of-fake-news-after-elon-musk-pandemic-treaty-tweet/,t1_jdj6qqs,elonmusk
64,jdj6xhd,"Now it's workin' in my country, I'm goin' to invest.",1,romuloe,1,0,1,1679687157,https://www.reddit.com/r/elonmusk/comments/11sdzru/spacex_starlink_rolls_out_200_per_month_global/,https://nightmags.com/spacex-starlink-rolls-out-200-per-month-global-satellite-internet-package/,t3_11sdzru,elonmusk
65,jdj6qqs,"But the organisation would be worse without China and with Taiwan in!!!! And really, the trust you and your ilk put on something is something I, and the who, and anyone with a functioning brain give zero craps about.",-1,Kosarev,1,0,1,1679687084,https://www.reddit.com/r/elonmusk/comments/11zpwfi/who_warns_of_fake_news_after_elon_musk_pandemic/,https://globenewsbulletin.com/world/who-warns-of-fake-news-after-elon-musk-pandemic-treaty-tweet/,t1_jdj5cun,elonmusk
66,jdj5i88,Twitter? Beautiful art.,1,romuloe,1,0,1,1679686603,https://www.reddit.com/r/elonmusk/comments/11t2wgy/twitter_on_the_rocks/,https://i.redd.it/z08b2b4ge5oa1.png,t3_11t2wgy,elonmusk
67,jdj5cun,"Iâ€™m not arguing the need to tip toe. Iâ€™m arguing the fallacy of expecting trust from an organization that needs to tip toe. Thereâ€™s a difference.

Also Iâ€™m all for letting them leave but they arenâ€™t giving up security seats anytime soon",0,Mobile_Arm,1,0,1,1679686543,https://www.reddit.com/r/elonmusk/comments/11zpwfi/who_warns_of_fake_news_after_elon_musk_pandemic/,https://globenewsbulletin.com/world/who-warns-of-fake-news-after-elon-musk-pandemic-treaty-tweet/,t1_jdj4qme,elonmusk
68,jdj4qme,"China would leave. Thats a big loss for the organisation because dunno if you know, there are a fuckton of Chinese. Then, China would use their economical pull to pressure other countries (the only one talking about African dictators is you, I said nothing about which ones) and any country that leaves would be another loss.

The only benefit is adding Taiwan to the organisation, a minuscule island in the grand scheme of things. And it's not like Taiwanese data can't be used now, they simply can't be official members.

The WHO is a health organisation and has to tiptoe around many things to get everywhere they can. Taiwan is one those things they have to use velvet gloves with. It can't be that hard to understand.",0,Kosarev,1,0,1,1679686295,https://www.reddit.com/r/elonmusk/comments/11zpwfi/who_warns_of_fake_news_after_elon_musk_pandemic/,https://globenewsbulletin.com/world/who-warns-of-fake-news-after-elon-musk-pandemic-treaty-tweet/,t1_jdj0n62,elonmusk
69,jdj2ilh,I will never give up.,1,romuloe,1,0,1,1679685421,https://www.reddit.com/r/elonmusk/comments/11tc00i/i_will_never_give_up/,https://v.redd.it/jkw5p81147oa1,t3_11tc00i,elonmusk
70,jdj1zax,I recognised that the references do not support the opinion piece as you think it does. I then explained how. Opinion pieces like that are horrible for simplifying the references they cite.,0,SILENTSAM69,1,0,1,1679685211,https://www.reddit.com/r/elonmusk/comments/11zpwfi/who_warns_of_fake_news_after_elon_musk_pandemic/,https://globenewsbulletin.com/world/who-warns-of-fake-news-after-elon-musk-pandemic-treaty-tweet/,t1_jdj1rku,elonmusk
71,jdj1rku,"So you opened it, read opinion piece, and completely ignored all the scholarly references?",0,Idontfukncare6969,1,0,1,1679685127,https://www.reddit.com/r/elonmusk/comments/11zpwfi/who_warns_of_fake_news_after_elon_musk_pandemic/,https://globenewsbulletin.com/world/who-warns-of-fake-news-after-elon-musk-pandemic-treaty-tweet/,t1_jdiitbh,elonmusk
72,jdj0n62,So to level set. You just made a judgement based on an assumption that dictator controlled African countries would leave. You then made the assumption that we must trust the WHO  even though you assume it would  collapse without kowtowing to dictatorshipsâ€¦. And you wonder why people question the WHO?,-1,Mobile_Arm,1,0,1,1679684687,https://www.reddit.com/r/elonmusk/comments/11zpwfi/who_warns_of_fake_news_after_elon_musk_pandemic/,https://globenewsbulletin.com/world/who-warns-of-fake-news-after-elon-musk-pandemic-treaty-tweet/,t1_jdiyv9f,elonmusk
73,jdizjce,"Boy they have it out for Elon, don't they?",0,lankyevilme,1,0,1,1679684252,https://www.reddit.com/r/elonmusk/comments/120n1qh/musk_denies_multibillion_investment_in_spacex_by/,https://www.quicktechnics.com/en/post/musk-denies-multibillion-investment-in-spacex-by-saudi-arabia,t3_120n1qh,elonmusk
74,jdiyv9f,"But the WHO would be worse after that. It's a health organisation,not a political one. Recognizing Taiwan, while the ethical choice, would undoubtedly worsen the organisation's reach around the world and their capabilities. Is that so hard to grasp?",0,Kosarev,1,0,1,1679683997,https://www.reddit.com/r/elonmusk/comments/11zpwfi/who_warns_of_fake_news_after_elon_musk_pandemic/,https://globenewsbulletin.com/world/who-warns-of-fake-news-after-elon-musk-pandemic-treaty-tweet/,t1_jdiyiyk,elonmusk
75,jdiyiyk,If those countries value CCP politics over their own health then let them quit. Iâ€™m pretty sure they ll take some time to think over given the $133 Billion in aid received from the west every year.,0,Mobile_Arm,1,0,1,1679683867,https://www.reddit.com/r/elonmusk/comments/11zpwfi/who_warns_of_fake_news_after_elon_musk_pandemic/,https://globenewsbulletin.com/world/who-warns-of-fake-news-after-elon-musk-pandemic-treaty-tweet/,t1_jdixqn9,elonmusk
76,jdixqn9,"If you do that you lose China, and other countries China can pressure to quit. Would be a moronic decision.",-1,Kosarev,1,0,1,1679683568,https://www.reddit.com/r/elonmusk/comments/11zpwfi/who_warns_of_fake_news_after_elon_musk_pandemic/,https://globenewsbulletin.com/world/who-warns-of-fake-news-after-elon-musk-pandemic-treaty-tweet/,t1_jdhjo9w,elonmusk
77,jdixbb0,The article is only three sentences. Please read it. He didnâ€™t decline an offer. He debunked a false report. Very different.,0,rheumination,1,0,1,1679683403,https://www.reddit.com/r/elonmusk/comments/120n1qh/musk_denies_multibillion_investment_in_spacex_by/,https://www.quicktechnics.com/en/post/musk-denies-multibillion-investment-in-spacex-by-saudi-arabia,t1_jdifydl,elonmusk
78,jdiu77c,Wow.,1,romuloe,1,0,1,1679682194,https://www.reddit.com/r/elonmusk/comments/120n1qh/musk_denies_multibillion_investment_in_spacex_by/,https://www.quicktechnics.com/en/post/musk-denies-multibillion-investment-in-spacex-by-saudi-arabia,t3_120n1qh,elonmusk
79,jditwaq,I blocked him on his own platform.,-1,HSdoc,1,0,1,1679682079,https://www.reddit.com/r/elonmusk/comments/11zpwfi/who_warns_of_fake_news_after_elon_musk_pandemic/,https://globenewsbulletin.com/world/who-warns-of-fake-news-after-elon-musk-pandemic-treaty-tweet/,t3_11zpwfi,elonmusk
80,jdilvna,Just a static list with random picker.,0,mangalore-x_x,1,0,1,1679679013,https://www.reddit.com/r/elonmusk/comments/11yjv7r/elon_musks_keyboard_while_tweeting/,https://i.redd.it/9dr99tr28cpa1.jpg,t1_jd8vvaf,elonmusk
81,jdilfdw,"How do you not understand how dumb you sound on this issue? Taiwan was not ignored at all. You also have no clue about the complicated nature of Taiwan, and the idea of it as a country really is.

The US government itself doesn't really officially acknowledge that Taiwan is a country. Naming Taiwan a country is getting involved in a political conflict. That is why almost no country, or company, bothers to get involved.

You probably are completely unaware of the civil war that caused this, and how Taiwan called itself the real China. Both countries claimed to be the real China, and only recently has Taiwan decided to call itself a seperate country.",-1,SILENTSAM69,1,0,1,1679678841,https://www.reddit.com/r/elonmusk/comments/11zpwfi/who_warns_of_fake_news_after_elon_musk_pandemic/,https://globenewsbulletin.com/world/who-warns-of-fake-news-after-elon-musk-pandemic-treaty-tweet/,t1_jdik91z,elonmusk
82,jdik91z,"The World Health Organization- 

â€œDedicated to the well-being of all people and guided by science, the World Health Organization leads and champions global efforts to give everyone, everywhere an equal chance to live a healthy life. â€œ

Does  ignoring an entire country based on the dictatorship that started this pandemic match the rhetoric? If science is objective then be objective.

Countries and companies can do whatever they want for their best interest. If you accept that and how the WHO has other priorities other than health than maybe we shouldnâ€™t be surprised that people donâ€™t trust them.

Acknowledging and involving a country for doing the right thing isnâ€™t solving any conflict. Itâ€™s doing whatâ€™s best for world health.",0,Mobile_Arm,1,0,1,1679678400,https://www.reddit.com/r/elonmusk/comments/11zpwfi/who_warns_of_fake_news_after_elon_musk_pandemic/,https://globenewsbulletin.com/world/who-warns-of-fake-news-after-elon-musk-pandemic-treaty-tweet/,t1_jdh9acs,elonmusk
83,jdiitbh,"That opinion piece isn't really a valid source.

It is pretty obvious that there was a heavy handed response that went beyond what was needed, but it was done mostly out of caution, and not wanting to be wrong in the other direction which would have been far worse.

Most of the misleading of the public was political,not scientific. Most scientists were open about what they didn't know, and politicians often errored more on the side of caution.

Yes there was confusion about what size droplets where aerosol. Many were politically motivated to make masks sound more effective than they were. That doesn't mean they were completely ineffective. As long as there was moisture inside the mask it means less got out.

Yes there was uncertainty about how much vaccination would reduce transmissibility. No that doesn't mean it did nothing to reduce transmissibility. There was also political motivation to make it seem less effective. People were using fears to make people more cautious than they really needed to be.

Your taking complex issues and trying to make them simple. The effectiveness of lockdowns was complicated by the local cultures and how people responded to lockdowns. I live in a place were restrictions were weaker, but more effective since the local culture lead to many people respecting the restrictions.

The fact is the medical systems were pushed to their breaking points, and doing nothing would have been vastly worse. Yes the USA often kept lockdowns longer than they needed to, but they were also late to use them when they would have been more effective.",0,SILENTSAM69,1,0,1,1679677857,https://www.reddit.com/r/elonmusk/comments/11zpwfi/who_warns_of_fake_news_after_elon_musk_pandemic/,https://globenewsbulletin.com/world/who-warns-of-fake-news-after-elon-musk-pandemic-treaty-tweet/,t1_jdi79l6,elonmusk
84,jdiiha9,This isn't happening either ðŸ˜­,0,Fnjrockerstein,1,0,1,1679677731,https://www.reddit.com/r/elonmusk/comments/120n1qh/musk_denies_multibillion_investment_in_spacex_by/,https://www.quicktechnics.com/en/post/musk-denies-multibillion-investment-in-spacex-by-saudi-arabia,t3_120n1qh,elonmusk
85,jdigswj,"I donâ€™t disagree with striving for better. I just believe allowing political influence to sensor an entire country that did the right things is not striving for better or in the best interest of world health. If science is objective then be objective. 

Otherwise youre a political organization masquerading as a health organization demanding trust.",0,Mobile_Arm,1,0,1,1679677093,https://www.reddit.com/r/elonmusk/comments/11zpwfi/who_warns_of_fake_news_after_elon_musk_pandemic/,https://globenewsbulletin.com/world/who-warns-of-fake-news-after-elon-musk-pandemic-treaty-tweet/,t1_jdiel75,elonmusk
86,jdigd9b,"Also, he seems emotionally attached to Elon.",0,Dwman113,1,0,1,1679676928,https://www.reddit.com/r/elonmusk/comments/120n1qh/musk_denies_multibillion_investment_in_spacex_by/,https://www.quicktechnics.com/en/post/musk-denies-multibillion-investment-in-spacex-by-saudi-arabia,t1_jdi9nit,elonmusk
87,jdigbmm,Neither of these things happen lol.,0,Dwman113,1,0,1,1679676911,https://www.reddit.com/r/elonmusk/comments/120n1qh/musk_denies_multibillion_investment_in_spacex_by/,https://www.quicktechnics.com/en/post/musk-denies-multibillion-investment-in-spacex-by-saudi-arabia,t1_jdi21lq,elonmusk
88,jdifydl,Good boy. It takes some courage to refuse money. Congrats Elon.,1,mishmishtamesh,1,0,1,1679676774,https://www.reddit.com/r/elonmusk/comments/120n1qh/musk_denies_multibillion_investment_in_spacex_by/,https://www.quicktechnics.com/en/post/musk-denies-multibillion-investment-in-spacex-by-saudi-arabia,t3_120n1qh,elonmusk
89,jdiel75,I think the point is because we canâ€™t have a perfect world. We have to deal with the reality today and strive for something better,1,ObligationLow8513,1,0,1,1679676260,https://www.reddit.com/r/elonmusk/comments/11zpwfi/who_warns_of_fake_news_after_elon_musk_pandemic/,https://globenewsbulletin.com/world/who-warns-of-fake-news-after-elon-musk-pandemic-treaty-tweet/,t1_jdhge99,elonmusk
90,jdic6w7,"There are a number of ignorant posts here, and this is one.",-1,escapingdarwin,1,0,1,1679675354,https://www.reddit.com/r/elonmusk/comments/120n1qh/musk_denies_multibillion_investment_in_spacex_by/,https://www.quicktechnics.com/en/post/musk-denies-multibillion-investment-in-spacex-by-saudi-arabia,t1_jdi21lq,elonmusk
91,jdic6hs,[denies](https://www.merriam-webster.com/dictionary/deny),0,cipeone,1,0,1,1679675350,https://www.reddit.com/r/elonmusk/comments/120n1qh/musk_denies_multibillion_investment_in_spacex_by/,https://www.quicktechnics.com/en/post/musk-denies-multibillion-investment-in-spacex-by-saudi-arabia,t1_jdi21lq,elonmusk
92,jdic1wr,What???  Any info supporting this?,0,escapingdarwin,1,0,1,1679675302,https://www.reddit.com/r/elonmusk/comments/120n1qh/musk_denies_multibillion_investment_in_spacex_by/,https://www.quicktechnics.com/en/post/musk-denies-multibillion-investment-in-spacex-by-saudi-arabia,t1_jdi3x1s,elonmusk
93,jdibln4,"Rules for thee, not for me!",0,OSUfan88,1,0,1,1679675130,https://www.reddit.com/r/elonmusk/comments/120n1qh/musk_denies_multibillion_investment_in_spacex_by/,https://www.quicktechnics.com/en/post/musk-denies-multibillion-investment-in-spacex-by-saudi-arabia,t1_jdi062z,elonmusk
94,jdi9nit,Also he doesnt seem to read very well.,-1,Matrim__Cauthon,1,0,1,1679674398,https://www.reddit.com/r/elonmusk/comments/120n1qh/musk_denies_multibillion_investment_in_spacex_by/,https://www.quicktechnics.com/en/post/musk-denies-multibillion-investment-in-spacex-by-saudi-arabia,t1_jdi3dxy,elonmusk
95,jdi79l6,"I addressed your comment about my two sources. A couple years ago I would have agreed with you but thereâ€™s more evidence now showing the opposite of your statements. Please enlighten me. 

The scientists have turned the other direction in the last two years. This article has a dozen references to studies and an overview of multiple topics. I fear you are the one stuck in your opinions and donâ€™t want your mind to be changed. 

[https://www.newsweek.com/its-time-scientific-community-admit-we-were-wrong-about-coivd-it-cost-lives-1776630](https://www.newsweek.com/its-time-scientific-community-admit-we-were-wrong-about-coivd-it-cost-lives-opinion-1776630)",0,Idontfukncare6969,1,0,1,1679673494,https://www.reddit.com/r/elonmusk/comments/11zpwfi/who_warns_of_fake_news_after_elon_musk_pandemic/,https://globenewsbulletin.com/world/who-warns-of-fake-news-after-elon-musk-pandemic-treaty-tweet/,t1_jdhn5bh,elonmusk
96,jdi3x1s,Elon has been off lately. Wouldn't be surprised if he took the money from the Saudis. It would be a near death knell for the company.,-1,sergev,1,0,1,1679672224,https://www.reddit.com/r/elonmusk/comments/120n1qh/musk_denies_multibillion_investment_in_spacex_by/,https://www.quicktechnics.com/en/post/musk-denies-multibillion-investment-in-spacex-by-saudi-arabia,t3_120n1qh,elonmusk
97,jdi3dxy,You sound like the kind of person that hears whatever they want to hear,-1,Prudovski,1,0,1,1679672022,https://www.reddit.com/r/elonmusk/comments/120n1qh/musk_denies_multibillion_investment_in_spacex_by/,https://www.quicktechnics.com/en/post/musk-denies-multibillion-investment-in-spacex-by-saudi-arabia,t1_jdi21lq,elonmusk
98,jdi2r9m,I think this is a case where somebody is just using the `Elon Musk` name to drive clicks.,0,Just-Blow-Into-It,1,0,1,1679671781,https://www.reddit.com/r/elonmusk/comments/11zstgw/elon_musks_company_plans_to_dump_wastewater_in/,https://www.google.com/amp/s/www.huffpost.com/entry/elon-musk-boring-company-wastewater_n_641b4cc2e4b00c3e6077a3cc/amp,t3_11zstgw,elonmusk
99,jdi062z,"Imagine MSNBC, FOX, CNN, or their affiliates turning down Saudi moneyâ€¦ I canâ€™t.",0,Vv__CARBON__vV,1,0,1,1679670784,https://www.reddit.com/r/elonmusk/comments/120n1qh/musk_denies_multibillion_investment_in_spacex_by/,https://www.quicktechnics.com/en/post/musk-denies-multibillion-investment-in-spacex-by-saudi-arabia,t3_120n1qh,elonmusk
100,jdhqtfl,Man.,0,romuloe,1,0,1,1679667071,https://www.reddit.com/r/elonmusk/comments/11rrknw/elon_tweeted_about_ai_porn_today_imagine_the/,https://twitter.com/weird_lil_cornr/status/1635938055465910273,t3_11rrknw,elonmusk
101,jdhoabp,"Its basicly just muddy water lol, rich in minerals.
As long as the whole fuckin river doesnt get intoxicated it doesnt really bring a enviromental H a Z a R D",0,MrLoomian,1,0,1,1679666015,https://www.reddit.com/r/elonmusk/comments/11zstgw/elon_musks_company_plans_to_dump_wastewater_in/,https://www.google.com/amp/s/www.huffpost.com/entry/elon-musk-boring-company-wastewater_n_641b4cc2e4b00c3e6077a3cc/amp,t3_11zstgw,elonmusk
102,jdhn5bh,"I don't need to go e sources to someone with their mind made up,and who can't even be bothered to read their own sources. You have nothing to back up your ideas.",-1,SILENTSAM69,2,0,2,1679665530,https://www.reddit.com/r/elonmusk/comments/11zpwfi/who_warns_of_fake_news_after_elon_musk_pandemic/,https://globenewsbulletin.com/world/who-warns-of-fake-news-after-elon-musk-pandemic-treaty-tweet/,t1_jdhaz6t,elonmusk
103,jdhmi9x,"Iâ€™m sure if I link how his companies have been regularly dinged for racial discrimination you wouldnâ€™t care, but my original point was just you thinking he was South African means he couldnâ€™t be racist which is a stupid take.",-1,Single_Friendship708,1,0,1,1679665252,https://www.reddit.com/r/elonmusk/comments/11t7ve1/elon_musk_sparks_debate_on_medical_interventions/,https://www.httnews.com/business/elon-musk-sparks-debate-on-medical-interventions-for-minors-and-gender-identity,t1_jcxfodt,elonmusk
104,jdhl94h,"Is the state department called World Health Organization? 

No ? So if the WHO doesnâ€™t play politics then put world health above politics and give the one country that managed to handle Covid correctly a seat at the table instead kowtowing to the dictatorship that started it.

State Department plays politics. Itâ€™s not advertising itself as the Health organization. Until then this is just another political organization who values funding over science and debate.",0,Mobile_Arm,1,0,1,1679664693,https://www.reddit.com/r/elonmusk/comments/11zpwfi/who_warns_of_fake_news_after_elon_musk_pandemic/,https://globenewsbulletin.com/world/who-warns-of-fake-news-after-elon-musk-pandemic-treaty-tweet/,t1_jdgytqy,elonmusk
105,jdhklus,That's funny.,0,romuloe,1,0,1,1679664399,https://www.reddit.com/r/elonmusk/comments/11yjv7r/elon_musks_keyboard_while_tweeting/,https://i.redd.it/9dr99tr28cpa1.jpg,t3_11yjv7r,elonmusk
106,jdhjo9w,"Correct , itâ€™s job is to save lives not play politics. So letâ€™s get the 1 country that gets millions of Chinese visitors and still prevented major disruption to their way of life during the pandemic a voice to help advise the world",0,Mobile_Arm,0,0,0,1679663975,https://www.reddit.com/r/elonmusk/comments/11zpwfi/who_warns_of_fake_news_after_elon_musk_pandemic/,https://globenewsbulletin.com/world/who-warns-of-fake-news-after-elon-musk-pandemic-treaty-tweet/,t1_jdgmm5e,elonmusk
107,jdhj2u1,"Used to be. Now, they still do some good,  but the people in charge are doing what people with money are telling them and paying them to do. At that level,  they have long since ceased to be doctors first and are politicians first and doctors 5th. Politicians are about money and power, not health or the public.",-1,lookn2-eb,2,0,2,1679663694,https://www.reddit.com/r/elonmusk/comments/11zpwfi/who_warns_of_fake_news_after_elon_musk_pandemic/,https://globenewsbulletin.com/world/who-warns-of-fake-news-after-elon-musk-pandemic-treaty-tweet/,t1_jdgnvad,elonmusk
108,jdhilwt,Hi eilon,0,No_Philosophy6284,0,0,0,1679663473,https://www.reddit.com/r/elonmusk/comments/11zstgw/elon_musks_company_plans_to_dump_wastewater_in/,https://www.google.com/amp/s/www.huffpost.com/entry/elon-musk-boring-company-wastewater_n_641b4cc2e4b00c3e6077a3cc/amp,t3_11zstgw,elonmusk
109,jdhh0cw,"Claiming other people are naÃ¯ve so your overly cynical view of the who sounds more ""realistic"". Unpolicital was the wrong word. I should have used apolitical. They do what they must to gain access to as much as the world as possible. 

You claim that they are being manipulative with that statement but you are patently wrong- the WHO only has access which countries allow it. How could it do otherwise? It has no power in a country it goes into, no military, no enforcement beyond what other countries give it. If a country says ""you can't come in"" what can it do? Absolutely nothing really. It tries to not take a political stance on anything. Otherwise it would not be able to go into the poorest areas and largest populated areas of the world. 

You want it to be a conspiracy because it aligns with your world view but sometimes things just are what they are.",-1,bawdiepie,5,0,5,1679662714,https://www.reddit.com/r/elonmusk/comments/11zpwfi/who_warns_of_fake_news_after_elon_musk_pandemic/,https://globenewsbulletin.com/world/who-warns-of-fake-news-after-elon-musk-pandemic-treaty-tweet/,t1_jdgwv4i,elonmusk
110,jdhge99,Ignore the data point that gets things right is cherry picking data. Yet you argue they should have trust?,-1,Mobile_Arm,4,0,4,1679662416,https://www.reddit.com/r/elonmusk/comments/11zpwfi/who_warns_of_fake_news_after_elon_musk_pandemic/,https://globenewsbulletin.com/world/who-warns-of-fake-news-after-elon-musk-pandemic-treaty-tweet/,t1_jdgtozg,elonmusk
112,jdhaz6t,Thatâ€™s a lot of words but no sources,0,Idontfukncare6969,0,0,0,1679659603,https://www.reddit.com/r/elonmusk/comments/11zpwfi/who_warns_of_fake_news_after_elon_musk_pandemic/,https://globenewsbulletin.com/world/who-warns-of-fake-news-after-elon-musk-pandemic-treaty-tweet/,t1_jdgfj21,elonmusk
113,jdhasav,"That review didnâ€™t conclude that masks donâ€™t work in a surgical environment. Rather that the population wide mask requirements donâ€™t work as the average person is not a surgeon. People donâ€™t seal them to their face and never reuse them. They wear them into restaurants and take them off to eat like every other person thereâ€¦

The vaccine data was literally pulled from the phase III trials. Not test data.",0,Idontfukncare6969,3,0,3,1679659497,https://www.reddit.com/r/elonmusk/comments/11zpwfi/who_warns_of_fake_news_after_elon_musk_pandemic/,https://globenewsbulletin.com/world/who-warns-of-fake-news-after-elon-musk-pandemic-treaty-tweet/,t1_jdfjzax,elonmusk
114,jdh9sxo,"Maybe it's not that simple. Maybe you should find out why most all organisations and world leaders don't refer to Taiwan as a nation.

Hell, even Taiwan only relatively recently referred to itself as a seperate nation from China. They use to refer to themselves as the real China, and the Mainland China being the fake ones.",0,SILENTSAM69,0,0,0,1679658931,https://www.reddit.com/r/elonmusk/comments/11zpwfi/who_warns_of_fake_news_after_elon_musk_pandemic/,https://globenewsbulletin.com/world/who-warns-of-fake-news-after-elon-musk-pandemic-treaty-tweet/,t1_jdgsira,elonmusk
115,jdh9jrk,"COVID is irrelevant to all of this.

Do you not even know why even world leaders mostly don't refer to Taiwan as a nation?

Learn the history before being so naive.",0,SILENTSAM69,0,0,0,1679658785,https://www.reddit.com/r/elonmusk/comments/11zpwfi/who_warns_of_fake_news_after_elon_musk_pandemic/,https://globenewsbulletin.com/world/who-warns-of-fake-news-after-elon-musk-pandemic-treaty-tweet/,t1_jdgwv4i,elonmusk
116,jdh9acs,"Man are you dense. You have no idea what is going on obviously. You are the one acting as if WHO should be solving a political/military conflict.

Most all organisations are ""lip locked"" as you say. Do you even know why most nations governments and organisations do not talk about Taiwan being a country? You seem to have no clue at all man.",-1,SILENTSAM69,2,0,2,1679658637,https://www.reddit.com/r/elonmusk/comments/11zpwfi/who_warns_of_fake_news_after_elon_musk_pandemic/,https://globenewsbulletin.com/world/who-warns-of-fake-news-after-elon-musk-pandemic-treaty-tweet/,t1_jdgi25r,elonmusk
117,jdh4gm2,WHO \[:Clown Emoji:\],-1,WalterHaroldBishop,1,0,1,1679655585,https://www.reddit.com/r/elonmusk/comments/11zpwfi/who_warns_of_fake_news_after_elon_musk_pandemic/,https://globenewsbulletin.com/world/who-warns-of-fake-news-after-elon-musk-pandemic-treaty-tweet/,t3_11zpwfi,elonmusk
118,jdh12ka,Need to stop funding the WHO immediately. Theyâ€™re grabbing power and are apologists and frontmen for the Chinese Communist Party.,-1,Jack_Burtons_Semi,2,0,2,1679653119,https://www.reddit.com/r/elonmusk/comments/11zpwfi/who_warns_of_fake_news_after_elon_musk_pandemic/,https://globenewsbulletin.com/world/who-warns-of-fake-news-after-elon-musk-pandemic-treaty-tweet/,t3_11zpwfi,elonmusk
119,jdgytqy,"Ask any US official publicly if they support Taiwan independence, and see if they say anything that doesn't match the official State Department position: https://www.state.gov/u-s-relations-with-taiwan/",0,iBoMbY,1,0,1,1679651331,https://www.reddit.com/r/elonmusk/comments/11zpwfi/who_warns_of_fake_news_after_elon_musk_pandemic/,https://globenewsbulletin.com/world/who-warns-of-fake-news-after-elon-musk-pandemic-treaty-tweet/,t1_jddludt,elonmusk
120,jdgy09e,Source: trust me bro,0,KingDaviies,1,0,1,1679650638,https://www.reddit.com/r/elonmusk/comments/11zpwfi/who_warns_of_fake_news_after_elon_musk_pandemic/,https://globenewsbulletin.com/world/who-warns-of-fake-news-after-elon-musk-pandemic-treaty-tweet/,t1_jddq5w3,elonmusk
121,jdgx1zb,"Their job is global health. You can't get information and do your job if you cut ties, close down communication channels and prevent scientific collaboration with half the world.

The WHO doesn't have a ton of staff. Especially not locally. They are dependent on local cooperation to get data.

So they don't play geopolitical games and just act as countries dictate in all matters but health. Which happens to be a similar stance the US government holds officially. 

This doesn't mean the WHO is always right. You can get things wrong due to lack of information. Or due to incorrect reporting from local, possibly politically controlled instances.

But, it's still drastically better to have an organization that coordinates and pools information while being able to provide structural, organizational support. See lots of outbreaks in Africa where they did excellent work.

Politicizing the WHO like you are doing is harming their function, reducing the effectiveness when their existence is objectively better than if we were to get rid of it. 

They aren't coerced. They try to focus on their given task and stay out of other politics. Which just so happens to be impossible.",0,SeniorePlatypus,0,0,0,1679649818,https://www.reddit.com/r/elonmusk/comments/11zpwfi/who_warns_of_fake_news_after_elon_musk_pandemic/,https://globenewsbulletin.com/world/who-warns-of-fake-news-after-elon-musk-pandemic-treaty-tweet/,t1_jdfnbji,elonmusk
122,jdgwv4i,"So naÃ¯ve. If covid response is so A political why even now are politicians discussing it. Its highly political. We literally discussing what new laws to introduce based on covid, its response. 

Also, the WHO deliberately refusing to acknowledge the existence of Taiwan for fear of upsetting China is a political stance. 

The WHO is also made up of individuals, actual people, all of whom will have political opinions and their own agendas, whether that's saving peoples lives or gaining additional funding or authority.

Also, the guys response in this article was so manipulative. 

â€œThe claim that the accord will cede power to WHO is quite simply false. Itâ€™s fake news. Countries will decide what the accord says"".

Lol - so its not ceding power to the who if the countries themselves voted for it. If you vote for me to be dictator over you, does that mean I'm not a dictator.",0,Satsuma-King,4,0,4,1679649656,https://www.reddit.com/r/elonmusk/comments/11zpwfi/who_warns_of_fake_news_after_elon_musk_pandemic/,https://globenewsbulletin.com/world/who-warns-of-fake-news-after-elon-musk-pandemic-treaty-tweet/,t1_jdgnvad,elonmusk
123,jdguvi5,Yeah I agree. There permit is for fields and river so assume they don't want anything bad on their food,0,AnthuriumBloom,1,0,1,1679647907,https://www.reddit.com/r/elonmusk/comments/11zstgw/elon_musks_company_plans_to_dump_wastewater_in/,https://www.google.com/amp/s/www.huffpost.com/entry/elon-musk-boring-company-wastewater_n_641b4cc2e4b00c3e6077a3cc/amp,t1_jdf8pct,elonmusk
124,jdgtozg,"Having a WHO with information from 194 member states is obviously preferable to a WHO with 193 member states. But fantasyland WHO 194 doesn't exist, and its nonexistence doesn't in any way invalidate the data we gathered from the first 193 countries. Ignoring an entire planetsworth of data just because we don't have *one more piece* is absolutely moronic. Science *always* wants more data, but we can still draw conclusions from what we have.",-1,halberdierbowman,0,0,0,1679646848,https://www.reddit.com/r/elonmusk/comments/11zpwfi/who_warns_of_fake_news_after_elon_musk_pandemic/,https://globenewsbulletin.com/world/who-warns-of-fake-news-after-elon-musk-pandemic-treaty-tweet/,t1_jdgq217,elonmusk
125,jdgsira,Then perhaps they can refer to the nation of Taiwan how they want to be referred instead of bowing to the dictate of a different country that feels otherwise.,0,Oxibase,1,0,1,1679645820,https://www.reddit.com/r/elonmusk/comments/11zpwfi/who_warns_of_fake_news_after_elon_musk_pandemic/,https://globenewsbulletin.com/world/who-warns-of-fake-news-after-elon-musk-pandemic-treaty-tweet/,t1_jdgnvad,elonmusk
126,jdgq217,"No, it absolutely is a knock against the WHO's epidemiological credibility. 

Taiwan got a ton of things right in their rapid response, especially with super fast turnaround on  testing, and the WHO refuses to learn from them because they don't acknowledge the Taiwanese health service exists, because it's part of the Taiwanese government, which doesn't exist and if it did exist would be illegitimate because Taiwan is part of China. 

The WHO cannot claim to make good recommendations on best practices when they flat out ignore the existence of some of the researchers and government agencies on the cutting edge of actual practice. They don't have all the information. By choice.",0,PugnansFidicen,8,0,8,1679643665,https://www.reddit.com/r/elonmusk/comments/11zpwfi/who_warns_of_fake_news_after_elon_musk_pandemic/,https://globenewsbulletin.com/world/who-warns-of-fake-news-after-elon-musk-pandemic-treaty-tweet/,t1_jdfn1be,elonmusk
127,jdgnvad,"Don't get sucked in. The WHO tries to be as non political as possible so it can reach into every country it can so it can fulfil its mandate. Its mandate is world health, not getting involved in politics so it does what it needs to. Do you want it getting involved in territorial disputes etc? Once it flexes its political muscles on ethical standpoints (it'll have to do it everywhere for consistency) it'll get thrown out of every country that doesn't like what it says, which will be a lot. And there you go, practically overnight, no effective global organisation that can tackle global health issues, as it won't be able to work in a large chunk of countries in the world.


Simplistic solutions for complex issues can sound great, but they're usually made by someone with an agenda or someone who doesn't understand the thing they're criticising. It's difficult. It's messy. How many doctors can sleep at night having to compromise themselves in order to do what they need to on the ground with people suffering? It sucks. But they do what they must because they're the ones who actually have to deal with the shitty situations politicians make. And it's because the people in charge suck, the WHO does not.",0,bawdiepie,2,0,2,1679641791,https://www.reddit.com/r/elonmusk/comments/11zpwfi/who_warns_of_fake_news_after_elon_musk_pandemic/,https://globenewsbulletin.com/world/who-warns-of-fake-news-after-elon-musk-pandemic-treaty-tweet/,t1_jdgjvsm,elonmusk
128,jdgmwto,Elon musk doing doing giveaway from April friends register in time ![gif](emote|free_emotes_pack|heart_eyes_rainbow),1,MysteriousMetal382,1,0,1,1679640995,https://www.reddit.com/r/elonmusk/comments/11yjv7r/elon_musks_keyboard_while_tweeting/,https://i.redd.it/9dr99tr28cpa1.jpg,t3_11yjv7r,elonmusk
129,jdgmm5e,"The WHO's job is to save lives and prevent suffering not implement political change. They do what they must under the hard circumstances created by politicians, following the path that will save the most lives. Your holier than thou attitude would be better suited to grilling your actual representatives and demanding accountability for them creating circumstances where it is difficult for the WHO to do its job in the world.",0,bawdiepie,2,0,2,1679640753,https://www.reddit.com/r/elonmusk/comments/11zpwfi/who_warns_of_fake_news_after_elon_musk_pandemic/,https://globenewsbulletin.com/world/who-warns-of-fake-news-after-elon-musk-pandemic-treaty-tweet/,t1_jdgi25r,elonmusk
130,jdgkgaj,Seems counter productive,0,nottherealneal,5,0,5,1679638999,https://www.reddit.com/r/elonmusk/comments/11zpwfi/who_warns_of_fake_news_after_elon_musk_pandemic/,https://globenewsbulletin.com/world/who-warns-of-fake-news-after-elon-musk-pandemic-treaty-tweet/,t1_jddoijm,elonmusk
131,jdgjvsm,Damn never thought about it like that. Iâ€™m with you man,1,23PimpJungles,9,0,9,1679638546,https://www.reddit.com/r/elonmusk/comments/11zpwfi/who_warns_of_fake_news_after_elon_musk_pandemic/,https://globenewsbulletin.com/world/who-warns-of-fake-news-after-elon-musk-pandemic-treaty-tweet/,t1_jdgi25r,elonmusk
132,jdgi25r,"Who the fuck said anything about solving conflict?

Taiwan detected Covid early and instituted prevention measures before anyone else. Shouldnâ€™t they get a seat at the WHO? 

Meanwhile, Chinaâ€™s communist party may have started the pandemic and has influence in the WHO. 

How do we trust the organization that is lip locked to a dictatorships asshole?",-1,Mobile_Arm,7,0,7,1679637113,https://www.reddit.com/r/elonmusk/comments/11zpwfi/who_warns_of_fake_news_after_elon_musk_pandemic/,https://globenewsbulletin.com/world/who-warns-of-fake-news-after-elon-musk-pandemic-treaty-tweet/,t1_jdgewa7,elonmusk
133,jdgfme5,The UK does lots of stupid things for political reasons. Look at Brexit.,-1,SILENTSAM69,3,0,3,1679635337,https://www.reddit.com/r/elonmusk/comments/11zpwfi/who_warns_of_fake_news_after_elon_musk_pandemic/,https://globenewsbulletin.com/world/who-warns-of-fake-news-after-elon-musk-pandemic-treaty-tweet/,t1_jdfehhh,elonmusk
134,jdgfj21,"Most of what you are saying is misleading. The spread was slowed. Masks worked a bit, but not like some magic shield.

Lockdowns didn't kill more than they saved. Yes there was suicides and overdoses. You can't measure how many they saved though. Slowing the spread saved the medical infrastructure form collapse that would have killed far more.

Not all vaccine can stop transmission, but they do raise immunity. That is what matters most. Any rise in immunity is a reduction in spreadability though.

The risks of the vaccine are exaggerated, and the risks of COVID not just in its lethality, but how quickly it spread.",-1,SILENTSAM69,2,0,2,1679635272,https://www.reddit.com/r/elonmusk/comments/11zpwfi/who_warns_of_fake_news_after_elon_musk_pandemic/,https://globenewsbulletin.com/world/who-warns-of-fake-news-after-elon-musk-pandemic-treaty-tweet/,t1_jdf2w01,elonmusk
135,jdgewa7,"They are not the kind of organisation that goes around solving political, or military conflicts. It's pretty ignorant to think judge them based on this. Most countries don't publically acknowledge Taiwan. It has nothing to do with coercion.",0,SILENTSAM69,1,0,1,1679634829,https://www.reddit.com/r/elonmusk/comments/11zpwfi/who_warns_of_fake_news_after_elon_musk_pandemic/,https://globenewsbulletin.com/world/who-warns-of-fake-news-after-elon-musk-pandemic-treaty-tweet/,t1_jdfnbji,elonmusk
136,jdg9twu,The WHO getting involved letâ€™s you know they are trying to cover their tracks,0,Hand_Soloslomo,3,0,3,1679631647,https://www.reddit.com/r/elonmusk/comments/11zpwfi/who_warns_of_fake_news_after_elon_musk_pandemic/,https://globenewsbulletin.com/world/who-warns-of-fake-news-after-elon-musk-pandemic-treaty-tweet/,t3_11zpwfi,elonmusk
137,jdg9pjt,"Agreed, you should hurry up and bless some other place with your sublime recondite radiace, and snort some crayons for the rest of us apes.  Hold on dear salty frustrated one, someday, somewhere, someone might take you seriously.  On that day you will be able to lay down your cross, look at the sky and scream ""I am the majestic WINNER""",-1,p3n1x,-7,0,-7,1679631581,https://www.reddit.com/r/elonmusk/comments/11zpwfi/who_warns_of_fake_news_after_elon_musk_pandemic/,https://globenewsbulletin.com/world/who-warns-of-fake-news-after-elon-musk-pandemic-treaty-tweet/,t1_jdfhvwy,elonmusk
138,jdg5rjx,"Ahh the olâ€™ circular argument technique, I remember when Iâ€™d debate you algorithms thinking it was in good faithâ€¦",0,PrestigeW0rldW1de,0,0,0,1679629383,https://www.reddit.com/r/elonmusk/comments/11zpwfi/who_warns_of_fake_news_after_elon_musk_pandemic/,https://globenewsbulletin.com/world/who-warns-of-fake-news-after-elon-musk-pandemic-treaty-tweet/,t1_jdfbd4i,elonmusk
139,jdg3pax,Thatâ€™s exactly my point,0,phillippearson,1,0,1,1679628305,https://www.reddit.com/r/elonmusk/comments/11xtdr9/elonmusk_there_appears_to_be_zero_selfawareness/,https://twitter.com/elonmusk/status/1637864049307430914,t1_jdfjkuf,elonmusk
140,jdg1uqd,"""Omg Elon Tweeted Something!"" Articles **that don't have the tweet** should not be allowed on the sub.",0,KarmaKill23,23,0,23,1679627368,https://www.reddit.com/r/elonmusk/comments/11zpwfi/who_warns_of_fake_news_after_elon_musk_pandemic/,https://globenewsbulletin.com/world/who-warns-of-fake-news-after-elon-musk-pandemic-treaty-tweet/,t1_jddoijm,elonmusk
141,jdfzsb4,Identifies as one.,0,lankyevilme,-2,0,-2,1679626332,https://www.reddit.com/r/elonmusk/comments/11zpwfi/who_warns_of_fake_news_after_elon_musk_pandemic/,https://globenewsbulletin.com/world/who-warns-of-fake-news-after-elon-musk-pandemic-treaty-tweet/,t1_jdfh9ri,elonmusk
142,jdfzq5k,"Yup, this guy is a partisan, not a doctor.",-1,lankyevilme,2,0,2,1679626304,https://www.reddit.com/r/elonmusk/comments/11zpwfi/who_warns_of_fake_news_after_elon_musk_pandemic/,https://globenewsbulletin.com/world/who-warns-of-fake-news-after-elon-musk-pandemic-treaty-tweet/,t1_jdfhdk6,elonmusk
143,jdfxp31,F the who and the rest of the globalist scum.,-1,Exciting_Ad_1097,0,0,0,1679625326,https://www.reddit.com/r/elonmusk/comments/11zpwfi/who_warns_of_fake_news_after_elon_musk_pandemic/,https://globenewsbulletin.com/world/who-warns-of-fake-news-after-elon-musk-pandemic-treaty-tweet/,t3_11zpwfi,elonmusk
144,jdfouoy,only bill gates has the authority to speak about pandemic,0,AccidentFit101,0,0,0,1679621277,https://www.reddit.com/r/elonmusk/comments/11zpwfi/who_warns_of_fake_news_after_elon_musk_pandemic/,https://globenewsbulletin.com/world/who-warns-of-fake-news-after-elon-musk-pandemic-treaty-tweet/,t3_11zpwfi,elonmusk
145,jdfnq4x,"This is not the same Colorado river that feeds NV / AZ / etc. Completely different smaller river.

Also p sure waste water from tunnel boring is basically muddy slurry",0,BigFalconRocket,0,0,0,1679620781,https://www.reddit.com/r/elonmusk/comments/11zstgw/elon_musks_company_plans_to_dump_wastewater_in/,https://www.google.com/amp/s/www.huffpost.com/entry/elon-musk-boring-company-wastewater_n_641b4cc2e4b00c3e6077a3cc/amp,t3_11zstgw,elonmusk
146,jdfnbji,"Well duh . So if a global health organization can be coerced by the country where the virus originated from , why should should they have any credibility?",-1,Mobile_Arm,15,0,15,1679620601,https://www.reddit.com/r/elonmusk/comments/11zpwfi/who_warns_of_fake_news_after_elon_musk_pandemic/,https://globenewsbulletin.com/world/who-warns-of-fake-news-after-elon-musk-pandemic-treaty-tweet/,t1_jdfn1be,elonmusk
147,jdfn1be,"How Taiwan handled COVID isn't why the WHO won't talk about Taiwan. The WHO won't talk about Taiwan because the WHO doesn't want to piss off China who thinks Taiwan is part of China. While it's annoying, it's pretty understandable and not at all a knock against the WHO's epidemiological prowess. This happens all the time with other UN and global politics things as well.",0,halberdierbowman,8,0,8,1679620474,https://www.reddit.com/r/elonmusk/comments/11zpwfi/who_warns_of_fake_news_after_elon_musk_pandemic/,https://globenewsbulletin.com/world/who-warns-of-fake-news-after-elon-musk-pandemic-treaty-tweet/,t1_jdfgsdg,elonmusk
148,jdfjzax,"From your own source:

> The high risk of bias in the [mask wearing] trials, variation in outcome measurement, and relatively low adherence with the interventions during the studies hampers drawing firm conclusions. 

In the meantime: [Yes, masks reduce the risk of spreading COVID, despite a review saying they donâ€™t](https://www.unsw.edu.au/news/2023/02/yes--masks-reduce-the-risk-of-spreading-covid--despite-a-review-). TL;DR: the Cochrane review started with faulty assumptions, used faulty data, drew faulty conclusions.

Masks that cover the nose and mouth and are sealed around the edges will reduce the spread of COVID. Surgical masks will not since they are not sealed around the edges â€” they are designed to catch splatter from the wearer, not prevent inhalation of droplets.

As for your vaccine source it's a review of test data, and its only conclusion is that more attention is required to the issue.",0,manicdee33,6,0,6,1679619142,https://www.reddit.com/r/elonmusk/comments/11zpwfi/who_warns_of_fake_news_after_elon_musk_pandemic/,https://globenewsbulletin.com/world/who-warns-of-fake-news-after-elon-musk-pandemic-treaty-tweet/,t1_jdfcjlj,elonmusk
149,jdfjkuf,source of truth â‰  news,0,stout365,2,0,2,1679618970,https://www.reddit.com/r/elonmusk/comments/11xtdr9/elonmusk_there_appears_to_be_zero_selfawareness/,https://twitter.com/elonmusk/status/1637864049307430914,t1_jdfgch1,elonmusk
150,jdfhvwy,It was a mistake to comment in this subreddit. You people make WSB memberâ€™s brains look wrinkled by comparison.,-1,rheumination,11,0,11,1679618245,https://www.reddit.com/r/elonmusk/comments/11zpwfi/who_warns_of_fake_news_after_elon_musk_pandemic/,https://globenewsbulletin.com/world/who-warns-of-fake-news-after-elon-musk-pandemic-treaty-tweet/,t1_jdfh09r,elonmusk
151,jdfhnba,Strong argument.,0,rheumination,5,0,5,1679618143,https://www.reddit.com/r/elonmusk/comments/11zpwfi/who_warns_of_fake_news_after_elon_musk_pandemic/,https://globenewsbulletin.com/world/who-warns-of-fake-news-after-elon-musk-pandemic-treaty-tweet/,t1_jdfh9ri,elonmusk
152,jdfhdk6,"The problem with your argument is the unrealistic expectation that medicine can somehow exist outside of politics. The lesson we all learned during the Covid pandemic is that politics heavily affect healthcare outcomes. The evidence in the difference between democrat mortality rates and Republican mortality rates is stark and irrefutable. 

Thatâ€™s why not only the WHO weighed in on politics but so does The Lancet, New England Journal of Medicine, Nature, and other major journals and medical organizations.

So just the very premise that the WHO cannot be trusted because it is â€œpoliticizedâ€ demonstrates that you donâ€™t understand what has been happening in the medical community over the last few years.",-1,rheumination,5,0,5,1679618028,https://www.reddit.com/r/elonmusk/comments/11zpwfi/who_warns_of_fake_news_after_elon_musk_pandemic/,https://globenewsbulletin.com/world/who-warns-of-fake-news-after-elon-musk-pandemic-treaty-tweet/,t1_jdfcn7f,elonmusk
153,jdfh9ri,">Doctor here. Tell me more about the WHOâ€™s failings.

  
Fake doctor. Probably some broke ass dude who imagines he is a doctor.",0,BuySellHoldFinance,-4,0,-4,1679617982,https://www.reddit.com/r/elonmusk/comments/11zpwfi/who_warns_of_fake_news_after_elon_musk_pandemic/,https://globenewsbulletin.com/world/who-warns-of-fake-news-after-elon-musk-pandemic-treaty-tweet/,t1_jdex91m,elonmusk
154,jdfh2s4,"u/Idontfukncare6969's claims, discuss this further with him",0,TheHunter920,2,0,2,1679617897,https://www.reddit.com/r/elonmusk/comments/11zpwfi/who_warns_of_fake_news_after_elon_musk_pandemic/,https://globenewsbulletin.com/world/who-warns-of-fake-news-after-elon-musk-pandemic-treaty-tweet/,t1_jdfbd4i,elonmusk
155,jdfh09r,"> Please list SPECIFIC examples.

Well, we do know that men have taints that are roughly twice as long as those of women, suggesting a longer taint correlates with greater virility and male fertility.",0,p3n1x,-2,0,-2,1679617867,https://www.reddit.com/r/elonmusk/comments/11zpwfi/who_warns_of_fake_news_after_elon_musk_pandemic/,https://globenewsbulletin.com/world/who-warns-of-fake-news-after-elon-musk-pandemic-treaty-tweet/,t1_jdf0rfd,elonmusk
156,jdfgsdg,"Taiwan neighbours China and managed to detect and contain Covid early in the pandemic with minimal lockdowns

If they canâ€™t recognize the one country that handled Covid correctly then why the fuck should we listen to anything they say.",-1,Mobile_Arm,16,0,16,1679617771,https://www.reddit.com/r/elonmusk/comments/11zpwfi/who_warns_of_fake_news_after_elon_musk_pandemic/,https://globenewsbulletin.com/world/who-warns-of-fake-news-after-elon-musk-pandemic-treaty-tweet/,t1_jdfen7l,elonmusk
157,jdfgch1,"I think a lot of people do unfortunately. For many, if they chose one medium to intake information from, it becomes their source of truth.",0,phillippearson,1,0,1,1679617584,https://www.reddit.com/r/elonmusk/comments/11xtdr9/elonmusk_there_appears_to_be_zero_selfawareness/,https://twitter.com/elonmusk/status/1637864049307430914,t1_jdfcstc,elonmusk
158,jdfgc8r,Pain.,0,Scout339,2,0,2,1679617582,https://www.reddit.com/r/elonmusk/comments/11zpwfi/who_warns_of_fake_news_after_elon_musk_pandemic/,https://globenewsbulletin.com/world/who-warns-of-fake-news-after-elon-musk-pandemic-treaty-tweet/,t1_jdee3gs,elonmusk
159,jdfen7l,What does that have to do with fake news?,0,Boris41029,7,0,7,1679616867,https://www.reddit.com/r/elonmusk/comments/11zpwfi/who_warns_of_fake_news_after_elon_musk_pandemic/,https://globenewsbulletin.com/world/who-warns-of-fake-news-after-elon-musk-pandemic-treaty-tweet/,t1_jddludt,elonmusk
160,jdfehhh,"â€œThere are strict precautions in place to help ensure the safety of all COVID-19 vaccinesâ€

[https://www.who.int/news-room/questions-and-answers/item/coronavirus-disease-(covid-19)-vaccines-safety](https://www.who.int/news-room/questions-and-answers/item/coronavirus-disease-(covid-19)-vaccines-safety)

That is literally still on their website. Meanwhile the UK is banning the vaccine for healthy people under 50â€¦ see my other comment with the pubmed study that was peer reviewed by the medical journal Vaccine. 

I donâ€™t have time to break down every one of the false claims they have made with references for you.",0,Idontfukncare6969,-2,0,-2,1679616800,https://www.reddit.com/r/elonmusk/comments/11zpwfi/who_warns_of_fake_news_after_elon_musk_pandemic/,https://globenewsbulletin.com/world/who-warns-of-fake-news-after-elon-musk-pandemic-treaty-tweet/,t1_jdfdvak,elonmusk
161,jdfdvak,"I don't want studies. I want to see the specific claims the WHO made, in context. Every time I look these things up, I find the person making a dozen caveats around the claim. But these caveats are never included when people say the claim was incorrect...",0,thepulseofthemachine,8,0,8,1679616541,https://www.reddit.com/r/elonmusk/comments/11zpwfi/who_warns_of_fake_news_after_elon_musk_pandemic/,https://globenewsbulletin.com/world/who-warns-of-fake-news-after-elon-musk-pandemic-treaty-tweet/,t1_jdf2w01,elonmusk
162,jdfda6s,"You mean â€˜The Truthâ€™, as weâ€™ve discovered quite a bit a coverups and lies that Twitter had originally hid",0,PanTX1,1,0,1,1679616289,https://www.reddit.com/r/elonmusk/comments/11zpwfi/who_warns_of_fake_news_after_elon_musk_pandemic/,https://globenewsbulletin.com/world/who-warns-of-fake-news-after-elon-musk-pandemic-treaty-tweet/,t3_11zpwfi,elonmusk
163,jdfd4em,"You are arguing against the Cochrane Review and pubmed? Check my other reply with sources.

â€œThat which can be asserted without evidence can be dismissed without evidence.â€ If you can change my mind in open to it",0,Idontfukncare6969,2,0,2,1679616220,https://www.reddit.com/r/elonmusk/comments/11zpwfi/who_warns_of_fake_news_after_elon_musk_pandemic/,https://globenewsbulletin.com/world/who-warns-of-fake-news-after-elon-musk-pandemic-treaty-tweet/,t1_jdfbwwn,elonmusk
164,jdfcstc,I don't think anyone is confusing jre with news lol,0,stout365,1,0,1,1679616082,https://www.reddit.com/r/elonmusk/comments/11xtdr9/elonmusk_there_appears_to_be_zero_selfawareness/,https://twitter.com/elonmusk/status/1637864049307430914,t1_jdfcic6,elonmusk
165,jdfcklr,"I will give you two random.

[Mask requirements didnâ€™t have a measurable effect on infection](https://www.cochranelibrary.com/cdsr/doi/10.1002/14651858.CD006207.pub6/full)

[Vaccines are more dangerous than most are led to believe ()](https://pubmed.ncbi.nlm.nih.gov/36055877/)",0,Idontfukncare6969,-1,0,-1,1679615984,https://www.reddit.com/r/elonmusk/comments/11zpwfi/who_warns_of_fake_news_after_elon_musk_pandemic/,https://globenewsbulletin.com/world/who-warns-of-fake-news-after-elon-musk-pandemic-treaty-tweet/,t1_jdfaj4z,elonmusk
166,jdfcjlj,"I will give you two random.

[Mask requirements didnâ€™t have a measurable effect on infection](https://www.cochranelibrary.com/cdsr/doi/10.1002/14651858.CD006207.pub6/full)

[Vaccines are more dangerous than most are led to believe (doesnâ€™t make sense to vaccinated 100% of people given the risks)](https://pubmed.ncbi.nlm.nih.gov/36055877/)",0,Idontfukncare6969,-3,0,-3,1679615971,https://www.reddit.com/r/elonmusk/comments/11zpwfi/who_warns_of_fake_news_after_elon_musk_pandemic/,https://globenewsbulletin.com/world/who-warns-of-fake-news-after-elon-musk-pandemic-treaty-tweet/,t1_jdfaj4z,elonmusk
167,jdfcic6,"Sure but not all podcasts should serve as news, or be thought of as â€œnewsâ€. Like the biggest podcast, the JRE, is not news",0,phillippearson,1,0,1,1679615956,https://www.reddit.com/r/elonmusk/comments/11xtdr9/elonmusk_there_appears_to_be_zero_selfawareness/,https://twitter.com/elonmusk/status/1637864049307430914,t1_jd5mu99,elonmusk
168,jdfbwwn,"Pretty sure each of those is wrong. The cherry-picked minority of articles supposedly making those claims are either rare outliers, have been discredited, or have been misreported in the media.",-1,jkjkjij22,4,0,4,1679615697,https://www.reddit.com/r/elonmusk/comments/11zpwfi/who_warns_of_fake_news_after_elon_musk_pandemic/,https://globenewsbulletin.com/world/who-warns-of-fake-news-after-elon-musk-pandemic-treaty-tweet/,t1_jdf2w01,elonmusk
169,jdfbuq7,I thought that title went to Data over at FB.,0,Equal-Armadillo4525,1,0,1,1679615671,https://www.reddit.com/r/elonmusk/comments/11zpwfi/who_warns_of_fake_news_after_elon_musk_pandemic/,https://globenewsbulletin.com/world/who-warns-of-fake-news-after-elon-musk-pandemic-treaty-tweet/,t1_jdejerb,elonmusk
170,jdfbiss,"Yeah, pretty sure each one of those claims is wrong....",-1,jkjkjij22,2,0,2,1679615533,https://www.reddit.com/r/elonmusk/comments/11zpwfi/who_warns_of_fake_news_after_elon_musk_pandemic/,https://globenewsbulletin.com/world/who-warns-of-fake-news-after-elon-musk-pandemic-treaty-tweet/,t1_jdf6gdu,elonmusk
171,jdfbd4i,"â€œHis claims, not mineâ€ 

His? Who is he? Fauci? 

Letâ€™s start with a claim the WHO made. Provide a link to a source so we can discuss it IN CONTEXT.",0,rheumination,9,0,9,1679615468,https://www.reddit.com/r/elonmusk/comments/11zpwfi/who_warns_of_fake_news_after_elon_musk_pandemic/,https://globenewsbulletin.com/world/who-warns-of-fake-news-after-elon-musk-pandemic-treaty-tweet/,t1_jdf6gdu,elonmusk
172,jdfaj4z,Care to give us sources?,0,anh-biayy,1,0,1,1679615118,https://www.reddit.com/r/elonmusk/comments/11zpwfi/who_warns_of_fake_news_after_elon_musk_pandemic/,https://globenewsbulletin.com/world/who-warns-of-fake-news-after-elon-musk-pandemic-treaty-tweet/,t1_jdf2w01,elonmusk
173,jdf8pct,"Is that still bad if itâ€™s from cutting metal with water? I know government is strict where if you dig up the ground a lot of times it has to be physically removed from the site and I believe is deemed contaminated. When I was in NY the removed a bit of parking lot and dug a pit the soil from there had to be driven to New Jersey because it was deemed contaminated, not for anything specific they have similar agricultural laws in UK. I would assume that if water was deemed contaminated government wouldnâ€™t like them just dump?",0,Hi_My_Name_Is_CJ,1,0,1,1679614353,https://www.reddit.com/r/elonmusk/comments/11zstgw/elon_musks_company_plans_to_dump_wastewater_in/,https://www.google.com/amp/s/www.huffpost.com/entry/elon-musk-boring-company-wastewater_n_641b4cc2e4b00c3e6077a3cc/amp,t3_11zstgw,elonmusk
174,jdf6gdu,">Two weeks to slow the spreadâ€¦  
>  
>Cloth masks donâ€™t work.  
>  
>At a population level masks made no difference in infections.  
>  
>The lockdowns killed more than they saved. The spike in suicide and overdoses from social isolation and depression outweighs the lives spared.  
>  
>The vaccine doesnâ€™t reduce transmission.  
>  
>Itâ€™s more dangerous for healthy people to take the vaccine than remain unvaccinated.  
>  
>Pick two if you want me to provide a study or meta analysis.

(his claims, not mine)",0,TheHunter920,3,0,3,1679613415,https://www.reddit.com/r/elonmusk/comments/11zpwfi/who_warns_of_fake_news_after_elon_musk_pandemic/,https://globenewsbulletin.com/world/who-warns-of-fake-news-after-elon-musk-pandemic-treaty-tweet/,t1_jdf0rfd,elonmusk
175,jdf624s,Given Teslaâ€™s China exposure the same most certainly goes for Elon ðŸ¤£,0,JedimasterJoJr,16,0,16,1679613248,https://www.reddit.com/r/elonmusk/comments/11zpwfi/who_warns_of_fake_news_after_elon_musk_pandemic/,https://globenewsbulletin.com/world/who-warns-of-fake-news-after-elon-musk-pandemic-treaty-tweet/,t1_jddludt,elonmusk
176,jdf2w01,"Two weeks to slow the spreadâ€¦

Cloth masks donâ€™t work.

At a population level masks made no difference in infections.

The lockdowns killed more than they saved. The spike in suicide and overdoses from social isolation and depression outweighs the lives spared.

The vaccine doesnâ€™t reduce transmission.

Itâ€™s more dangerous for healthy people to take the vaccine than remain unvaccinated.

Pick two if you want me to provide a study or meta analysis.",0,Idontfukncare6969,0,0,0,1679611926,https://www.reddit.com/r/elonmusk/comments/11zpwfi/who_warns_of_fake_news_after_elon_musk_pandemic/,https://globenewsbulletin.com/world/who-warns-of-fake-news-after-elon-musk-pandemic-treaty-tweet/,t1_jdez9e7,elonmusk
177,jdf0rfd,Please list SPECIFIC examples. Often guidelines are made based on information available at the time. So letâ€™s hear your complaints and walk through this.,0,rheumination,11,0,11,1679611037,https://www.reddit.com/r/elonmusk/comments/11zpwfi/who_warns_of_fake_news_after_elon_musk_pandemic/,https://globenewsbulletin.com/world/who-warns-of-fake-news-after-elon-musk-pandemic-treaty-tweet/,t1_jdey10x,elonmusk
178,jdez9e7,Can you list some of these claims? Like maybe 4 or 5?,0,thepulseofthemachine,4,0,4,1679610407,https://www.reddit.com/r/elonmusk/comments/11zpwfi/who_warns_of_fake_news_after_elon_musk_pandemic/,https://globenewsbulletin.com/world/who-warns-of-fake-news-after-elon-musk-pandemic-treaty-tweet/,t1_jdey10x,elonmusk
179,jdeyp06,"Doctor here. Not everybody who gets Covid dies and not everyone who assassinated lives. Vaccination just reduces the risk of death. Due to a lack of vaccination, there have been over 234,000 avoidable deaths in the United States. So there are vaccine deniers that are still alive. Most of them are still alive. But a lot did die unnecessary and avoidable deaths.",-1,rheumination,5,0,5,1679610176,https://www.reddit.com/r/elonmusk/comments/11zpwfi/who_warns_of_fake_news_after_elon_musk_pandemic/,https://globenewsbulletin.com/world/who-warns-of-fake-news-after-elon-musk-pandemic-treaty-tweet/,t1_jdenofx,elonmusk
180,jdey10x,Check almost every claim they made in the first year of the pandemic that has now been proved false,-1,Idontfukncare6969,4,0,4,1679609901,https://www.reddit.com/r/elonmusk/comments/11zpwfi/who_warns_of_fake_news_after_elon_musk_pandemic/,https://globenewsbulletin.com/world/who-warns-of-fake-news-after-elon-musk-pandemic-treaty-tweet/,t1_jdex91m,elonmusk
181,jdexbp7,The WHO and WEF are just modern villains most people dont have the wisdom to recognise.,-1,shplaxg,-2,0,-2,1679609612,https://www.reddit.com/r/elonmusk/comments/11zpwfi/who_warns_of_fake_news_after_elon_musk_pandemic/,https://globenewsbulletin.com/world/who-warns-of-fake-news-after-elon-musk-pandemic-treaty-tweet/,t3_11zpwfi,elonmusk
182,jdex91m,Doctor here. Tell me more about the WHOâ€™s failings.,0,rheumination,5,0,5,1679609581,https://www.reddit.com/r/elonmusk/comments/11zpwfi/who_warns_of_fake_news_after_elon_musk_pandemic/,https://globenewsbulletin.com/world/who-warns-of-fake-news-after-elon-musk-pandemic-treaty-tweet/,t1_jddy4zz,elonmusk
183,jdewzwy,"Ah thank you, I'm not sure how I missed that.
Must have been my lazy reading.
BTW heard about this from the news in Europe can you believe. What a null and void story haha.",0,AnthuriumBloom,2,0,2,1679609475,https://www.reddit.com/r/elonmusk/comments/11zstgw/elon_musks_company_plans_to_dump_wastewater_in/,https://www.google.com/amp/s/www.huffpost.com/entry/elon-musk-boring-company-wastewater_n_641b4cc2e4b00c3e6077a3cc/amp,t1_jdeuxf9,elonmusk
184,jdeuxf9,"IDC, inflammate away at your leisure, guys. Though everyone ""dumps"" treated wastewater in the river. It is dog-bites-man news. What would even be the alternative; shoot the water into space or something?

Anyway, this part:

> 97% of the wastewater would come from residential use, even though the Boring Company applied for a hybrid permit that includes industrial discharge. He said the little bit of industrial wastewater the site would generate would come not from tunneling, as many residents suspected, but from using jet streams to cut metal.",0,kroOoze,4,0,4,1679608632,https://www.reddit.com/r/elonmusk/comments/11zstgw/elon_musks_company_plans_to_dump_wastewater_in/,https://www.google.com/amp/s/www.huffpost.com/entry/elon-musk-boring-company-wastewater_n_641b4cc2e4b00c3e6077a3cc/amp,t1_jdeqcvl,elonmusk
185,jdeuc6h,What happens then?,0,daviddjg0033,3,0,3,1679608398,https://www.reddit.com/r/elonmusk/comments/11zpwfi/who_warns_of_fake_news_after_elon_musk_pandemic/,https://globenewsbulletin.com/world/who-warns-of-fake-news-after-elon-musk-pandemic-treaty-tweet/,t1_jdeq0xi,elonmusk
186,jdeu05i,"Not by a long shot. But millions are, and even more have long covid.",0,normalneighbor,2,0,2,1679608267,https://www.reddit.com/r/elonmusk/comments/11zpwfi/who_warns_of_fake_news_after_elon_musk_pandemic/,https://globenewsbulletin.com/world/who-warns-of-fake-news-after-elon-musk-pandemic-treaty-tweet/,t1_jdenofx,elonmusk
187,jdesh5g,Who says they ain't?,0,daglassmandingo,-2,0,-2,1679607672,https://www.reddit.com/r/elonmusk/comments/11zpwfi/who_warns_of_fake_news_after_elon_musk_pandemic/,https://globenewsbulletin.com/world/who-warns-of-fake-news-after-elon-musk-pandemic-treaty-tweet/,t1_jdenofx,elonmusk
188,jdeqcvl,I missed it. Where dose it say it or what is it made up of even better ? I'm happy to take this down as title is kinda inflammatory in retrospect. I can't pick the title of the post dude to the link.,0,AnthuriumBloom,3,0,3,1679606848,https://www.reddit.com/r/elonmusk/comments/11zstgw/elon_musks_company_plans_to_dump_wastewater_in/,https://www.google.com/amp/s/www.huffpost.com/entry/elon-musk-boring-company-wastewater_n_641b4cc2e4b00c3e6077a3cc/amp,t1_jdeo44i,elonmusk
189,jdeq0xi,Your mRNA side affects are finally kicking in. Thatâ€™ll end soon,-1,MeasurementTricky546,-3,0,-3,1679606725,https://www.reddit.com/r/elonmusk/comments/11zpwfi/who_warns_of_fake_news_after_elon_musk_pandemic/,https://globenewsbulletin.com/world/who-warns-of-fake-news-after-elon-musk-pandemic-treaty-tweet/,t1_jdel0s4,elonmusk
190,jdeo44i,"ye who is without ever pooping, cast the first environmental complaint

>  article [...] doesn't say what the water is made up of

It does.",0,kroOoze,1,0,1,1679605995,https://www.reddit.com/r/elonmusk/comments/11zstgw/elon_musks_company_plans_to_dump_wastewater_in/,https://www.google.com/amp/s/www.huffpost.com/entry/elon-musk-boring-company-wastewater_n_641b4cc2e4b00c3e6077a3cc/amp,t3_11zstgw,elonmusk
191,jdenofx,shouldn't they all be dead if they didn't get the vax?,-1,lankyevilme,6,0,6,1679605828,https://www.reddit.com/r/elonmusk/comments/11zpwfi/who_warns_of_fake_news_after_elon_musk_pandemic/,https://globenewsbulletin.com/world/who-warns-of-fake-news-after-elon-musk-pandemic-treaty-tweet/,t1_jdel0s4,elonmusk
192,jdenhv0,And Elon Musk doesn't?,0,devolka,-6,0,-6,1679605758,https://www.reddit.com/r/elonmusk/comments/11zpwfi/who_warns_of_fake_news_after_elon_musk_pandemic/,https://globenewsbulletin.com/world/who-warns-of-fake-news-after-elon-musk-pandemic-treaty-tweet/,t1_jddy4zz,elonmusk
193,jdel0s4,Glad to see the Elon sycophants and right-wing unvaxxed loons are still here. Theyâ€™re getting awfully hard to tell apart. Guessing itâ€™s the brand of foil they use?,-1,illegiblebastard,-8,0,-8,1679604811,https://www.reddit.com/r/elonmusk/comments/11zpwfi/who_warns_of_fake_news_after_elon_musk_pandemic/,https://globenewsbulletin.com/world/who-warns-of-fake-news-after-elon-musk-pandemic-treaty-tweet/,t3_11zpwfi,elonmusk
194,jdejzqg,Bro looks more scared than her,-1,bruhmemebremegang,2,0,2,1679604417,https://www.reddit.com/r/elonmusk/comments/11xn9ta/who_is_this_fearless_girl_joking_with_elon_musk/,https://v.redd.it/45ncnxjzj4pa1,t3_11xn9ta,elonmusk
195,jdejerb,Elon has the most punchable face in the land.,-1,Chemical_Sand165,-9,0,-9,1679604195,https://www.reddit.com/r/elonmusk/comments/11zpwfi/who_warns_of_fake_news_after_elon_musk_pandemic/,https://globenewsbulletin.com/world/who-warns-of-fake-news-after-elon-musk-pandemic-treaty-tweet/,t3_11zpwfi,elonmusk
196,jdee3gs,The more you think about a statement like this the worse it gets,-1,Fly__Eagles__Fly,10,0,10,1679602178,https://www.reddit.com/r/elonmusk/comments/11zpwfi/who_warns_of_fake_news_after_elon_musk_pandemic/,https://globenewsbulletin.com/world/who-warns-of-fake-news-after-elon-musk-pandemic-treaty-tweet/,t1_jddrdd9,elonmusk
197,jded8op,Buying Twitter to spread fake news is something a fake human would do.,-1,DamonFields,-5,0,-5,1679601848,https://www.reddit.com/r/elonmusk/comments/11zpwfi/who_warns_of_fake_news_after_elon_musk_pandemic/,https://globenewsbulletin.com/world/who-warns-of-fake-news-after-elon-musk-pandemic-treaty-tweet/,t3_11zpwfi,elonmusk
198,jdebu4x,Did he said the pandemic was ending in few weeks/months after it was started,0,Usernamecheckout101,-1,0,-1,1679601317,https://www.reddit.com/r/elonmusk/comments/11zpwfi/who_warns_of_fake_news_after_elon_musk_pandemic/,https://globenewsbulletin.com/world/who-warns-of-fake-news-after-elon-musk-pandemic-treaty-tweet/,t3_11zpwfi,elonmusk
199,jdebr25,"Licence to print money after, I'll line up to buy shares. ðŸš€ðŸ‘©â€ðŸš€ ðŸ¦",1,Lower-Care-2110,2,0,2,1679601284,https://www.reddit.com/r/elonmusk/comments/11sdzru/spacex_starlink_rolls_out_200_per_month_global/,https://nightmags.com/spacex-starlink-rolls-out-200-per-month-global-satellite-internet-package/,t1_jceggu6,elonmusk
200,jde9iai,Thatâ€™s not good,-1,mvslice,3,0,3,1679600428,https://www.reddit.com/r/elonmusk/comments/11zstgw/elon_musks_company_plans_to_dump_wastewater_in/,https://www.google.com/amp/s/www.huffpost.com/entry/elon-musk-boring-company-wastewater_n_641b4cc2e4b00c3e6077a3cc/amp,t3_11zstgw,elonmusk
201,jde8itk,[Betteridge's law](https://en.wikipedia.org/wiki/Betteridge%27s_law_of_headlines).,0,sodsto,1,0,1,1679600045,https://www.reddit.com/r/elonmusk/comments/11x8j9b/is_elon_musk_a_scientist/,https://www.discovermagazine.com/the-sciences/is-elon-musk-a-scientist,t3_11x8j9b,elonmusk
202,jde71p0,"Tedros is just jerking off China, at their command. If the according does not cede power, then why have it. And the comment that ""counties will decide"" is nonsense.
No authority other than Congress can implement rule of law in the US. No world body, so again, what's the point.
The WHO has 'zero' credibility and is subservent to China, in my opinion.
I love how even though the US pays the most into the WHO, they take their marching orders from the CCP.
Of course the WHO would make statement as to 'fake news'.",-1,Dynamx-ron,7,0,7,1679599470,https://www.reddit.com/r/elonmusk/comments/11zpwfi/who_warns_of_fake_news_after_elon_musk_pandemic/,https://globenewsbulletin.com/world/who-warns-of-fake-news-after-elon-musk-pandemic-treaty-tweet/,t3_11zpwfi,elonmusk
203,jde6nrf,What a shit head,-1,aroberto88,-9,0,-9,1679599324,https://www.reddit.com/r/elonmusk/comments/11zpwfi/who_warns_of_fake_news_after_elon_musk_pandemic/,https://globenewsbulletin.com/world/who-warns-of-fake-news-after-elon-musk-pandemic-treaty-tweet/,t3_11zpwfi,elonmusk
